ProvincePCode,DistrictPCode,LocalAuthority,DistrictType,WardPCode,WardNumber
10,1021,Bulawayo City Council,Urban District,102101,1
10,1021,Bulawayo City Council,Urban District,102102,2
10,1021,Bulawayo City Council,Urban District,102103,3
10,1021,Bulawayo City Council,Urban District,102104,4
10,1021,Bulawayo City Council,Urban District,102105,5
10,1021,Bulawayo City Council,Urban District,102106,6
10,1021,Bulawayo City Council,Urban District,102107,7
10,1021,Bulawayo City Council,Urban District,102108,8
10,1021,Bulawayo City Council,Urban District,102109,9
10,1021,Bulawayo City Council,Urban District,102110,10
10,1021,Bulawayo City Council,Urban District,102111,11
10,1021,Bulawayo City Council,Urban District,102112,12
10,1021,Bulawayo City Council,Urban District,102113,13
10,1021,Bulawayo City Council,Urban District,102114,14
10,1021,Bulawayo City Council,Urban District,102115,15
10,1021,Bulawayo City Council,Urban District,102116,16
10,1021,Bulawayo City Council,Urban District,102117,17
10,1021,Bulawayo City Council,Urban District,102118,18
10,1021,Bulawayo City Council,Urban District,102119,19
10,1021,Bulawayo City Council,Urban District,102120,20
10,1021,Bulawayo City Council,Urban District,102121,21
10,1021,Bulawayo City Council,Urban District,102122,22
10,1021,Bulawayo City Council,Urban District,102123,23
10,1021,Bulawayo City Council,Urban District,102124,24
10,1021,Bulawayo City Council,Urban District,102125,25
10,1021,Bulawayo City Council,Urban District,102126,26
10,1021,Bulawayo City Council,Urban District,102127,27
10,1021,Bulawayo City Council,Urban District,102128,28
10,1021,Bulawayo City Council,Urban District,102129,29
11,1101,Buhera RDC,Rural District,110101,1
11,1101,Buhera RDC,Rural District,110102,2
11,1101,Buhera RDC,Rural District,110103,3
11,1101,Buhera RDC,Rural District,110104,4
11,1101,Buhera RDC,Rural District,110105,5
11,1101,Buhera RDC,Rural District,110106,6
11,1101,Buhera RDC,Rural District,110107,7
11,1101,Buhera RDC,Rural District,110108,8
11,1101,Buhera RDC,Rural District,110109,9
11,1101,Buhera RDC,Rural District,110110,10
11,1101,Buhera RDC,Rural District,110111,11
11,1101,Buhera RDC,Rural District,110112,12
11,1101,Buhera RDC,Rural District,110113,13
11,1101,Buhera RDC,Rural District,110114,14
11,1101,Buhera RDC,Rural District,110115,15
11,1101,Buhera RDC,Rural District,110116,16
11,1101,Buhera RDC,Rural District,110117,17
11,1101,Buhera RDC,Rural District,110118,18
11,1101,Buhera RDC,Rural District,110119,19
11,1101,Buhera RDC,Rural District,110120,20
11,1101,Buhera RDC,Rural District,110121,21
11,1101,Buhera RDC,Rural District,110122,22
11,1101,Buhera RDC,Rural District,110123,23
11,1101,Buhera RDC,Rural District,110124,24
11,1101,Buhera RDC,Rural District,110125,25
11,1101,Buhera RDC,Rural District,110126,26
11,1101,Buhera RDC,Rural District,110127,27
11,1101,Buhera RDC,Rural District,110128,28
11,1101,Buhera RDC,Rural District,110129,29
11,1101,Buhera RDC,Rural District,110130,30
11,1101,Buhera RDC,Rural District,110131,31
11,1101,Buhera RDC,Rural District,110132,32
11,1101,Buhera RDC,Rural District,110133,33
11,1102,Chimanimani RDC,Rural District,110201,1
11,1102,Chimanimani RDC,Rural District,110202,2
11,1102,Chimanimani RDC,Rural District,110203,3
11,1102,Chimanimani RDC,Rural District,110204,4
11,1102,Chimanimani RDC,Rural District,110205,5
11,1102,Chimanimani RDC,Rural District,110206,6
11,1102,Chimanimani RDC,Rural District,110207,7
11,1102,Chimanimani RDC,Rural District,110208,8
11,1102,Chimanimani RDC,Rural District,110209,9
11,1102,Chimanimani RDC,Rural District,110210,10
11,1102,Chimanimani RDC,Rural District,110211,11
11,1102,Chimanimani RDC,Rural District,110212,12
11,1102,Chimanimani RDC,Rural District,110213,13
11,1102,Chimanimani RDC,Rural District,110214,14
11,1102,Chimanimani RDC,Rural District,110215,15
11,1102,Chimanimani RDC,Rural District,110216,16
11,1102,Chimanimani RDC,Rural District,110217,17
11,1102,Chimanimani RDC,Rural District,110218,18
11,1102,Chimanimani RDC,Rural District,110219,19
11,1102,Chimanimani RDC,Rural District,110220,20
11,1102,Chimanimani RDC,Rural District,110221,21
11,1102,Chimanimani RDC,Rural District,110222,22
11,1102,Chimanimani RDC,Rural District,110223,23
11,1103,Chipinge RDC,Rural District,110301,1
11,1103,Chipinge RDC,Rural District,110302,2
11,1103,Chipinge RDC,Rural District,110303,3
11,1103,Chipinge RDC,Rural District,110304,4
11,1103,Chipinge RDC,Rural District,110305,5
11,1103,Chipinge RDC,Rural District,110306,6
11,1103,Chipinge RDC,Rural District,110307,7
11,1103,Chipinge RDC,Rural District,110308,8
11,1103,Chipinge RDC,Rural District,110309,9
11,1103,Chipinge RDC,Rural District,110310,10
11,1103,Chipinge RDC,Rural District,110311,11
11,1103,Chipinge RDC,Rural District,110312,12
11,1103,Chipinge RDC,Rural District,110313,13
11,1103,Chipinge RDC,Rural District,110314,14
11,1103,Chipinge RDC,Rural District,110315,15
11,1103,Chipinge RDC,Rural District,110316,16
11,1103,Chipinge RDC,Rural District,110317,17
11,1103,Chipinge RDC,Rural District,110318,18
11,1103,Chipinge RDC,Rural District,110319,19
11,1103,Chipinge RDC,Rural District,110320,20
11,1103,Chipinge RDC,Rural District,110321,21
11,1103,Chipinge RDC,Rural District,110322,22
11,1103,Chipinge RDC,Rural District,110323,23
11,1103,Chipinge RDC,Rural District,110324,24
11,1103,Chipinge RDC,Rural District,110325,25
11,1103,Chipinge RDC,Rural District,110326,26
11,1103,Chipinge RDC,Rural District,110327,27
11,1103,Chipinge RDC,Rural District,110328,28
11,1103,Chipinge RDC,Rural District,110329,29
11,1103,Chipinge RDC,Rural District,110330,30
11,1104,Makoni RDC,Rural District,110401,1
11,1104,Makoni RDC,Rural District,110402,2
11,1104,Makoni RDC,Rural District,110403,3
11,1104,Makoni RDC,Rural District,110404,4
11,1104,Makoni RDC,Rural District,110405,5
11,1104,Makoni RDC,Rural District,110406,6
11,1104,Makoni RDC,Rural District,110407,7
11,1104,Makoni RDC,Rural District,110408,8
11,1104,Makoni RDC,Rural District,110409,9
11,1104,Makoni RDC,Rural District,110410,10
11,1104,Makoni RDC,Rural District,110411,11
11,1104,Makoni RDC,Rural District,110412,12
11,1104,Makoni RDC,Rural District,110413,13
11,1104,Makoni RDC,Rural District,110414,14
11,1104,Makoni RDC,Rural District,110415,15
11,1104,Makoni RDC,Rural District,110416,16
11,1104,Makoni RDC,Rural District,110417,17
11,1104,Makoni RDC,Rural District,110418,18
11,1104,Makoni RDC,Rural District,110419,19
11,1104,Makoni RDC,Rural District,110420,20
11,1104,Makoni RDC,Rural District,110421,21
11,1104,Makoni RDC,Rural District,110422,22
11,1104,Makoni RDC,Rural District,110423,23
11,1104,Makoni RDC,Rural District,110424,24
11,1104,Makoni RDC,Rural District,110425,25
11,1104,Makoni RDC,Rural District,110426,26
11,1104,Makoni RDC,Rural District,110427,27
11,1104,Makoni RDC,Rural District,110428,28
11,1104,Makoni RDC,Rural District,110429,29
11,1104,Makoni RDC,Rural District,110430,30
11,1104,Makoni RDC,Rural District,110431,31
11,1104,Makoni RDC,Rural District,110432,32
11,1104,Makoni RDC,Rural District,110433,33
11,1104,Makoni RDC,Rural District,110434,34
11,1104,Makoni RDC,Rural District,110435,35
11,1104,Makoni RDC,Rural District,110436,36
11,1104,Makoni RDC,Rural District,110437,37
11,1104,Makoni RDC,Rural District,110438,38
11,1104,Makoni RDC,Rural District,110439,39
11,1105,Mutare RDC,Rural District,110501,1
11,1105,Mutare RDC,Rural District,110502,2
11,1105,Mutare RDC,Rural District,110503,3
11,1105,Mutare RDC,Rural District,110504,4
11,1105,Mutare RDC,Rural District,110505,5
11,1105,Mutare RDC,Rural District,110506,6
11,1105,Mutare RDC,Rural District,110507,7
11,1105,Mutare RDC,Rural District,110508,8
11,1105,Mutare RDC,Rural District,110509,9
11,1105,Mutare RDC,Rural District,110510,10
11,1105,Mutare RDC,Rural District,110511,11
11,1105,Mutare RDC,Rural District,110512,12
11,1105,Mutare RDC,Rural District,110513,13
11,1105,Mutare RDC,Rural District,110514,14
11,1105,Mutare RDC,Rural District,110515,15
11,1105,Mutare RDC,Rural District,110516,16
11,1105,Mutare RDC,Rural District,110517,17
11,1105,Mutare RDC,Rural District,110518,18
11,1105,Mutare RDC,Rural District,110519,19
11,1105,Mutare RDC,Rural District,110520,20
11,1105,Mutare RDC,Rural District,110521,21
11,1105,Mutare RDC,Rural District,110522,22
11,1105,Mutare RDC,Rural District,110523,23
11,1105,Mutare RDC,Rural District,110524,24
11,1105,Mutare RDC,Rural District,110525,25
11,1105,Mutare RDC,Rural District,110526,26
11,1105,Mutare RDC,Rural District,110527,27
11,1105,Mutare RDC,Rural District,110528,28
11,1105,Mutare RDC,Rural District,110529,29
11,1105,Mutare RDC,Rural District,110530,30
11,1105,Mutare RDC,Rural District,110531,31
11,1105,Mutare RDC,Rural District,110532,32
11,1105,Mutare RDC,Rural District,110533,33
11,1105,Mutare RDC,Rural District,110534,34
11,1105,Mutare RDC,Rural District,110535,35
11,1105,Mutare RDC,Rural District,110536,36
11,1106,Mutasa RDC,Rural District,110601,1
11,1106,Mutasa RDC,Rural District,110602,2
11,1106,Mutasa RDC,Rural District,110603,3
11,1106,Mutasa RDC,Rural District,110604,4
11,1106,Mutasa RDC,Rural District,110605,5
11,1106,Mutasa RDC,Rural District,110606,6
11,1106,Mutasa RDC,Rural District,110607,7
11,1106,Mutasa RDC,Rural District,110608,8
11,1106,Mutasa RDC,Rural District,110609,9
11,1106,Mutasa RDC,Rural District,110610,10
11,1106,Mutasa RDC,Rural District,110611,11
11,1106,Mutasa RDC,Rural District,110612,12
11,1106,Mutasa RDC,Rural District,110613,13
11,1106,Mutasa RDC,Rural District,110614,14
11,1106,Mutasa RDC,Rural District,110615,15
11,1106,Mutasa RDC,Rural District,110616,16
11,1106,Mutasa RDC,Rural District,110617,17
11,1106,Mutasa RDC,Rural District,110618,18
11,1106,Mutasa RDC,Rural District,110619,19
11,1106,Mutasa RDC,Rural District,110620,20
11,1106,Mutasa RDC,Rural District,110621,21
11,1106,Mutasa RDC,Rural District,110622,22
11,1106,Mutasa RDC,Rural District,110623,23
11,1106,Mutasa RDC,Rural District,110624,24
11,1106,Mutasa RDC,Rural District,110625,25
11,1106,Mutasa RDC,Rural District,110626,26
11,1106,Mutasa RDC,Rural District,110627,27
11,1106,Mutasa RDC,Rural District,110628,28
11,1106,Mutasa RDC,Rural District,110629,29
11,1106,Mutasa RDC,Rural District,110630,30
11,1106,Mutasa RDC,Rural District,110631,31
11,1107,Nyanga RDC,Rural District,110701,1
11,1107,Nyanga RDC,Rural District,110702,2
11,1107,Nyanga RDC,Rural District,110703,3
11,1107,Nyanga RDC,Rural District,110704,4
11,1107,Nyanga RDC,Rural District,110705,5
11,1107,Nyanga RDC,Rural District,110706,6
11,1107,Nyanga RDC,Rural District,110707,7
11,1107,Nyanga RDC,Rural District,110708,8
11,1107,Nyanga RDC,Rural District,110709,9
11,1107,Nyanga RDC,Rural District,110710,10
11,1107,Nyanga RDC,Rural District,110711,11
11,1107,Nyanga RDC,Rural District,110712,12
11,1107,Nyanga RDC,Rural District,110713,13
11,1107,Nyanga RDC,Rural District,110714,14
11,1107,Nyanga RDC,Rural District,110715,15
11,1107,Nyanga RDC,Rural District,110716,16
11,1107,Nyanga RDC,Rural District,110717,17
11,1107,Nyanga RDC,Rural District,110718,18
11,1107,Nyanga RDC,Rural District,110719,19
11,1107,Nyanga RDC,Rural District,110720,20
11,1107,Nyanga RDC,Rural District,110721,21
11,1107,Nyanga RDC,Rural District,110722,22
11,1107,Nyanga RDC,Rural District,110723,23
11,1107,Nyanga RDC,Rural District,110724,24
11,1107,Nyanga RDC,Rural District,110725,25
11,1107,Nyanga RDC,Rural District,110726,26
11,1107,Nyanga RDC,Rural District,110727,27
11,1107,Nyanga RDC,Rural District,110728,28
11,1107,Nyanga RDC,Rural District,110729,29
11,1107,Nyanga RDC,Rural District,110730,30
11,1107,Nyanga RDC,Rural District,110731,31
11,1121,Mutare City Council,Urban District,112101,1
11,1121,Mutare City Council,Urban District,112102,2
11,1121,Mutare City Council,Urban District,112103,3
11,1121,Mutare City Council,Urban District,112104,4
11,1121,Mutare City Council,Urban District,112105,5
11,1121,Mutare City Council,Urban District,112106,6
11,1121,Mutare City Council,Urban District,112107,7
11,1121,Mutare City Council,Urban District,112108,8
11,1121,Mutare City Council,Urban District,112109,9
11,1121,Mutare City Council,Urban District,112110,10
11,1121,Mutare City Council,Urban District,112111,11
11,1121,Mutare City Council,Urban District,112112,12
11,1121,Mutare City Council,Urban District,112113,13
11,1121,Mutare City Council,Urban District,112114,14
11,1121,Mutare City Council,Urban District,112115,15
11,1121,Mutare City Council,Urban District,112116,16
11,1121,Mutare City Council,Urban District,112117,17
11,1121,Mutare City Council,Urban District,112118,18
11,1121,Mutare City Council,Urban District,112119,19
11,1122,Rusape Town Council,Urban District,112201,1
11,1122,Rusape Town Council,Urban District,112202,2
11,1122,Rusape Town Council,Urban District,112203,3
11,1122,Rusape Town Council,Urban District,112204,4
11,1122,Rusape Town Council,Urban District,112205,5
11,1122,Rusape Town Council,Urban District,112206,6
11,1122,Rusape Town Council,Urban District,112207,7
11,1122,Rusape Town Council,Urban District,112208,8
11,1122,Rusape Town Council,Urban District,112209,9
11,1122,Rusape Town Council,Urban District,112210,10
11,1123,Chipinge Town Council,Urban District,112301,1
11,1123,Chipinge Town Council,Urban District,112302,2
11,1123,Chipinge Town Council,Urban District,112303,3
11,1123,Chipinge Town Council,Urban District,112304,4
11,1123,Chipinge Town Council,Urban District,112305,5
11,1123,Chipinge Town Council,Urban District,112306,6
11,1123,Chipinge Town Council,Urban District,112307,7
11,1123,Chipinge Town Council,Urban District,112308,8
12,1201,Bindura RDC,Rural District,120101,1
12,1201,Bindura RDC,Rural District,120102,2
12,1201,Bindura RDC,Rural District,120103,3
12,1201,Bindura RDC,Rural District,120104,4
12,1201,Bindura RDC,Rural District,120105,5
12,1201,Bindura RDC,Rural District,120106,6
12,1201,Bindura RDC,Rural District,120107,7
12,1201,Bindura RDC,Rural District,120108,8
12,1201,Bindura RDC,Rural District,120109,9
12,1201,Bindura RDC,Rural District,120110,10
12,1201,Bindura RDC,Rural District,120111,11
12,1201,Bindura RDC,Rural District,120112,12
12,1201,Bindura RDC,Rural District,120113,13
12,1201,Bindura RDC,Rural District,120114,14
12,1201,Bindura RDC,Rural District,120115,15
12,1201,Bindura RDC,Rural District,120116,16
12,1201,Bindura RDC,Rural District,120117,17
12,1201,Bindura RDC,Rural District,120118,18
12,1201,Bindura RDC,Rural District,120119,19
12,1201,Bindura RDC,Rural District,120120,20
12,1201,Bindura RDC,Rural District,120121,21
12,1202,Muzarabani RDC,Rural District,120201,1
12,1202,Muzarabani RDC,Rural District,120202,2
12,1202,Muzarabani RDC,Rural District,120203,3
12,1202,Muzarabani RDC,Rural District,120204,4
12,1202,Muzarabani RDC,Rural District,120205,5
12,1202,Muzarabani RDC,Rural District,120206,6
12,1202,Muzarabani RDC,Rural District,120207,7
12,1202,Muzarabani RDC,Rural District,120208,8
12,1202,Muzarabani RDC,Rural District,120209,9
12,1202,Muzarabani RDC,Rural District,120210,10
12,1202,Muzarabani RDC,Rural District,120211,11
12,1202,Muzarabani RDC,Rural District,120212,12
12,1202,Muzarabani RDC,Rural District,120213,13
12,1202,Muzarabani RDC,Rural District,120214,14
12,1202,Muzarabani RDC,Rural District,120215,15
12,1202,Muzarabani RDC,Rural District,120216,16
12,1202,Muzarabani RDC,Rural District,120217,17
12,1202,Muzarabani RDC,Rural District,120218,18
12,1202,Muzarabani RDC,Rural District,120219,19
12,1202,Muzarabani RDC,Rural District,120220,20
12,1202,Muzarabani RDC,Rural District,120221,21
12,1202,Muzarabani RDC,Rural District,120222,22
12,1202,Muzarabani RDC,Rural District,120223,23
12,1202,Muzarabani RDC,Rural District,120224,24
12,1202,Muzarabani RDC,Rural District,120225,25
12,1202,Muzarabani RDC,Rural District,120226,26
12,1202,Muzarabani RDC,Rural District,120227,27
12,1202,Muzarabani RDC,Rural District,120228,28
12,1202,Muzarabani RDC,Rural District,120229,29
12,1203,Guruve RDC,Rural District,120301,1
12,1203,Guruve RDC,Rural District,120302,2
12,1203,Guruve RDC,Rural District,120303,3
12,1203,Guruve RDC,Rural District,120304,4
12,1203,Guruve RDC,Rural District,120305,5
12,1203,Guruve RDC,Rural District,120306,6
12,1203,Guruve RDC,Rural District,120307,7
12,1203,Guruve RDC,Rural District,120308,8
12,1203,Guruve RDC,Rural District,120309,9
12,1203,Guruve RDC,Rural District,120310,10
12,1203,Guruve RDC,Rural District,120311,11
12,1203,Guruve RDC,Rural District,120312,12
12,1203,Guruve RDC,Rural District,120313,13
12,1203,Guruve RDC,Rural District,120314,14
12,1203,Guruve RDC,Rural District,120315,15
12,1203,Guruve RDC,Rural District,120316,16
12,1203,Guruve RDC,Rural District,120317,17
12,1203,Guruve RDC,Rural District,120318,18
12,1203,Guruve RDC,Rural District,120319,19
12,1203,Guruve RDC,Rural District,120320,20
12,1203,Guruve RDC,Rural District,120321,21
12,1203,Guruve RDC,Rural District,120322,22
12,1203,Guruve RDC,Rural District,120323,23
12,1203,Guruve RDC,Rural District,120324,24
12,1204,Mazowe RDC,Rural District,120401,1
12,1204,Mazowe RDC,Rural District,120402,2
12,1204,Mazowe RDC,Rural District,120403,3
12,1204,Mazowe RDC,Rural District,120404,4
12,1204,Mazowe RDC,Rural District,120405,5
12,1204,Mazowe RDC,Rural District,120406,6
12,1204,Mazowe RDC,Rural District,120407,7
12,1204,Mazowe RDC,Rural District,120408,8
12,1204,Mazowe RDC,Rural District,120409,9
12,1204,Mazowe RDC,Rural District,120410,10
12,1204,Mazowe RDC,Rural District,120411,11
12,1204,Mazowe RDC,Rural District,120412,12
12,1204,Mazowe RDC,Rural District,120413,13
12,1204,Mazowe RDC,Rural District,120414,14
12,1204,Mazowe RDC,Rural District,120415,15
12,1204,Mazowe RDC,Rural District,120416,16
12,1204,Mazowe RDC,Rural District,120417,17
12,1204,Mazowe RDC,Rural District,120418,18
12,1204,Mazowe RDC,Rural District,120419,19
12,1204,Mazowe RDC,Rural District,120420,20
12,1204,Mazowe RDC,Rural District,120421,21
12,1204,Mazowe RDC,Rural District,120422,22
12,1204,Mazowe RDC,Rural District,120423,23
12,1204,Mazowe RDC,Rural District,120424,24
12,1204,Mazowe RDC,Rural District,120425,25
12,1204,Mazowe RDC,Rural District,120426,26
12,1204,Mazowe RDC,Rural District,120427,27
12,1204,Mazowe RDC,Rural District,120428,28
12,1204,Mazowe RDC,Rural District,120429,29
12,1204,Mazowe RDC,Rural District,120430,30
12,1204,Mazowe RDC,Rural District,120431,31
12,1204,Mazowe RDC,Rural District,120432,32
12,1204,Mazowe RDC,Rural District,120433,33
12,1204,Mazowe RDC,Rural District,120434,34
12,1204,Mazowe RDC,Rural District,120435,35
12,1205,Pfura RDC,Rural District,120501,1
12,1205,Pfura RDC,Rural District,120502,2
12,1205,Pfura RDC,Rural District,120503,3
12,1205,Pfura RDC,Rural District,120504,4
12,1205,Pfura RDC,Rural District,120505,5
12,1205,Pfura RDC,Rural District,120506,6
12,1205,Pfura RDC,Rural District,120507,7
12,1205,Pfura RDC,Rural District,120508,8
12,1205,Pfura RDC,Rural District,120509,9
12,1205,Pfura RDC,Rural District,120510,10
12,1205,Pfura RDC,Rural District,120511,11
12,1205,Pfura RDC,Rural District,120512,12
12,1205,Pfura RDC,Rural District,120513,13
12,1205,Pfura RDC,Rural District,120514,14
12,1205,Pfura RDC,Rural District,120515,15
12,1205,Pfura RDC,Rural District,120516,16
12,1205,Pfura RDC,Rural District,120517,17
12,1205,Pfura RDC,Rural District,120518,18
12,1205,Pfura RDC,Rural District,120519,19
12,1205,Pfura RDC,Rural District,120520,20
12,1205,Pfura RDC,Rural District,120521,21
12,1205,Pfura RDC,Rural District,120522,22
12,1205,Pfura RDC,Rural District,120523,23
12,1205,Pfura RDC,Rural District,120524,24
12,1205,Pfura RDC,Rural District,120525,25
12,1205,Pfura RDC,Rural District,120526,26
12,1205,Pfura RDC,Rural District,120527,27
12,1205,Pfura RDC,Rural District,120528,28
12,1205,Pfura RDC,Rural District,120529,29
12,1205,Pfura RDC,Rural District,120530,30
12,1205,Pfura RDC,Rural District,120531,31
12,1205,Pfura RDC,Rural District,120532,32
12,1205,Pfura RDC,Rural District,120533,33
12,1205,Pfura RDC,Rural District,120534,34
12,1205,Pfura RDC,Rural District,120535,35
12,1205,Pfura RDC,Rural District,120536,36
12,1205,Pfura RDC,Rural District,120537,37
12,1205,Pfura RDC,Rural District,120538,38
12,1205,Pfura RDC,Rural District,120539,39
12,1205,Pfura RDC,Rural District,120540,40
12,1206,Rushinga RDC,Rural District,120601,1
12,1206,Rushinga RDC,Rural District,120602,2
12,1206,Rushinga RDC,Rural District,120603,3
12,1206,Rushinga RDC,Rural District,120604,4
12,1206,Rushinga RDC,Rural District,120605,5
12,1206,Rushinga RDC,Rural District,120606,6
12,1206,Rushinga RDC,Rural District,120607,7
12,1206,Rushinga RDC,Rural District,120608,8
12,1206,Rushinga RDC,Rural District,120609,9
12,1206,Rushinga RDC,Rural District,120610,10
12,1206,Rushinga RDC,Rural District,120611,11
12,1206,Rushinga RDC,Rural District,120612,12
12,1206,Rushinga RDC,Rural District,120613,13
12,1206,Rushinga RDC,Rural District,120614,14
12,1206,Rushinga RDC,Rural District,120615,15
12,1206,Rushinga RDC,Rural District,120616,16
12,1206,Rushinga RDC,Rural District,120617,17
12,1206,Rushinga RDC,Rural District,120618,18
12,1206,Rushinga RDC,Rural District,120619,19
12,1206,Rushinga RDC,Rural District,120620,20
12,1206,Rushinga RDC,Rural District,120621,21
12,1206,Rushinga RDC,Rural District,120622,22
12,1206,Rushinga RDC,Rural District,120623,23
12,1206,Rushinga RDC,Rural District,120624,24
12,1206,Rushinga RDC,Rural District,120625,25
12,1207,Chaminuka RDC,Rural District,120701,1
12,1207,Chaminuka RDC,Rural District,120702,2
12,1207,Chaminuka RDC,Rural District,120703,3
12,1207,Chaminuka RDC,Rural District,120704,4
12,1207,Chaminuka RDC,Rural District,120705,5
12,1207,Chaminuka RDC,Rural District,120706,6
12,1207,Chaminuka RDC,Rural District,120707,7
12,1207,Chaminuka RDC,Rural District,120708,8
12,1207,Chaminuka RDC,Rural District,120709,9
12,1207,Chaminuka RDC,Rural District,120710,10
12,1207,Chaminuka RDC,Rural District,120711,11
12,1207,Chaminuka RDC,Rural District,120712,12
12,1207,Chaminuka RDC,Rural District,120713,13
12,1207,Chaminuka RDC,Rural District,120714,14
12,1207,Chaminuka RDC,Rural District,120715,15
12,1207,Chaminuka RDC,Rural District,120716,16
12,1207,Chaminuka RDC,Rural District,120717,17
12,1207,Chaminuka RDC,Rural District,120718,18
12,1207,Chaminuka RDC,Rural District,120719,19
12,1207,Chaminuka RDC,Rural District,120720,20
12,1207,Chaminuka RDC,Rural District,120721,21
12,1207,Chaminuka RDC,Rural District,120722,22
12,1207,Chaminuka RDC,Rural District,120723,23
12,1207,Chaminuka RDC,Rural District,120724,24
12,1207,Chaminuka RDC,Rural District,120725,25
12,1207,Chaminuka RDC,Rural District,120726,26
12,1207,Chaminuka RDC,Rural District,120727,27
12,1207,Chaminuka RDC,Rural District,120728,28
12,1207,Chaminuka RDC,Rural District,120729,29
12,1208,Mbire RDC,Rural District,120801,1
12,1208,Mbire RDC,Rural District,120802,2
12,1208,Mbire RDC,Rural District,120803,3
12,1208,Mbire RDC,Rural District,120804,4
12,1208,Mbire RDC,Rural District,120805,5
12,1208,Mbire RDC,Rural District,120806,6
12,1208,Mbire RDC,Rural District,120807,7
12,1208,Mbire RDC,Rural District,120808,8
12,1208,Mbire RDC,Rural District,120809,9
12,1208,Mbire RDC,Rural District,120810,10
12,1208,Mbire RDC,Rural District,120811,11
12,1208,Mbire RDC,Rural District,120812,12
12,1208,Mbire RDC,Rural District,120813,13
12,1208,Mbire RDC,Rural District,120814,14
12,1208,Mbire RDC,Rural District,120815,15
12,1208,Mbire RDC,Rural District,120816,16
12,1208,Mbire RDC,Rural District,120817,17
12,1221,Bindura Municipality,Urban District,122101,1
12,1221,Bindura Municipality,Urban District,122102,2
12,1221,Bindura Municipality,Urban District,122103,3
12,1221,Bindura Municipality,Urban District,122104,4
12,1221,Bindura Municipality,Urban District,122105,5
12,1221,Bindura Municipality,Urban District,122106,6
12,1221,Bindura Municipality,Urban District,122107,7
12,1221,Bindura Municipality,Urban District,122108,8
12,1221,Bindura Municipality,Urban District,122109,9
12,1221,Bindura Municipality,Urban District,122110,10
12,1221,Bindura Municipality,Urban District,122111,11
12,1221,Bindura Municipality,Urban District,122112,12
13,1301,Chikomba RDC,Rural District,130101,1
13,1301,Chikomba RDC,Rural District,130102,2
13,1301,Chikomba RDC,Rural District,130103,3
13,1301,Chikomba RDC,Rural District,130104,4
13,1301,Chikomba RDC,Rural District,130105,5
13,1301,Chikomba RDC,Rural District,130106,6
13,1301,Chikomba RDC,Rural District,130107,7
13,1301,Chikomba RDC,Rural District,130108,8
13,1301,Chikomba RDC,Rural District,130109,9
13,1301,Chikomba RDC,Rural District,130110,10
13,1301,Chikomba RDC,Rural District,130111,11
13,1301,Chikomba RDC,Rural District,130112,12
13,1301,Chikomba RDC,Rural District,130113,13
13,1301,Chikomba RDC,Rural District,130114,14
13,1301,Chikomba RDC,Rural District,130115,15
13,1301,Chikomba RDC,Rural District,130116,16
13,1301,Chikomba RDC,Rural District,130117,17
13,1301,Chikomba RDC,Rural District,130118,18
13,1301,Chikomba RDC,Rural District,130119,19
13,1301,Chikomba RDC,Rural District,130120,20
13,1301,Chikomba RDC,Rural District,130121,21
13,1301,Chikomba RDC,Rural District,130122,22
13,1301,Chikomba RDC,Rural District,130123,23
13,1301,Chikomba RDC,Rural District,130124,24
13,1301,Chikomba RDC,Rural District,130125,25
13,1301,Chikomba RDC,Rural District,130126,26
13,1301,Chikomba RDC,Rural District,130127,27
13,1301,Chikomba RDC,Rural District,130128,28
13,1301,Chikomba RDC,Rural District,130129,29
13,1301,Chikomba RDC,Rural District,130130,30
13,1302,Goromonzi RDC,Rural District,130201,1
13,1302,Goromonzi RDC,Rural District,130202,2
13,1302,Goromonzi RDC,Rural District,130203,3
13,1302,Goromonzi RDC,Rural District,130204,4
13,1302,Goromonzi RDC,Rural District,130205,5
13,1302,Goromonzi RDC,Rural District,130206,6
13,1302,Goromonzi RDC,Rural District,130207,7
13,1302,Goromonzi RDC,Rural District,130208,8
13,1302,Goromonzi RDC,Rural District,130209,9
13,1302,Goromonzi RDC,Rural District,130210,10
13,1302,Goromonzi RDC,Rural District,130211,11
13,1302,Goromonzi RDC,Rural District,130212,12
13,1302,Goromonzi RDC,Rural District,130213,13
13,1302,Goromonzi RDC,Rural District,130214,14
13,1302,Goromonzi RDC,Rural District,130215,15
13,1302,Goromonzi RDC,Rural District,130216,16
13,1302,Goromonzi RDC,Rural District,130217,17
13,1302,Goromonzi RDC,Rural District,130218,18
13,1302,Goromonzi RDC,Rural District,130219,19
13,1302,Goromonzi RDC,Rural District,130220,20
13,1302,Goromonzi RDC,Rural District,130221,21
13,1302,Goromonzi RDC,Rural District,130222,22
13,1302,Goromonzi RDC,Rural District,130223,23
13,1302,Goromonzi RDC,Rural District,130224,24
13,1302,Goromonzi RDC,Rural District,130225,25
13,1303,Hwedza RDC,Rural District,130301,1
13,1303,Hwedza RDC,Rural District,130302,2
13,1303,Hwedza RDC,Rural District,130303,3
13,1303,Hwedza RDC,Rural District,130304,4
13,1303,Hwedza RDC,Rural District,130305,5
13,1303,Hwedza RDC,Rural District,130306,6
13,1303,Hwedza RDC,Rural District,130307,7
13,1303,Hwedza RDC,Rural District,130308,8
13,1303,Hwedza RDC,Rural District,130309,9
13,1303,Hwedza RDC,Rural District,130310,10
13,1303,Hwedza RDC,Rural District,130311,11
13,1303,Hwedza RDC,Rural District,130312,12
13,1303,Hwedza RDC,Rural District,130313,13
13,1303,Hwedza RDC,Rural District,130314,14
13,1303,Hwedza RDC,Rural District,130315,15
13,1304,Marondera RDC,Rural District,130401,1
13,1304,Marondera RDC,Rural District,130402,2
13,1304,Marondera RDC,Rural District,130403,3
13,1304,Marondera RDC,Rural District,130404,4
13,1304,Marondera RDC,Rural District,130405,5
13,1304,Marondera RDC,Rural District,130406,6
13,1304,Marondera RDC,Rural District,130407,7
13,1304,Marondera RDC,Rural District,130408,8
13,1304,Marondera RDC,Rural District,130409,9
13,1304,Marondera RDC,Rural District,130410,10
13,1304,Marondera RDC,Rural District,130411,11
13,1304,Marondera RDC,Rural District,130412,12
13,1304,Marondera RDC,Rural District,130413,13
13,1304,Marondera RDC,Rural District,130414,14
13,1304,Marondera RDC,Rural District,130415,15
13,1304,Marondera RDC,Rural District,130416,16
13,1304,Marondera RDC,Rural District,130417,17
13,1304,Marondera RDC,Rural District,130418,18
13,1304,Marondera RDC,Rural District,130419,19
13,1304,Marondera RDC,Rural District,130420,20
13,1304,Marondera RDC,Rural District,130421,21
13,1304,Marondera RDC,Rural District,130422,22
13,1304,Marondera RDC,Rural District,130423,23
13,1305,Mudzi RDC,Rural District,130501,1
13,1305,Mudzi RDC,Rural District,130502,2
13,1305,Mudzi RDC,Rural District,130503,3
13,1305,Mudzi RDC,Rural District,130504,4
13,1305,Mudzi RDC,Rural District,130505,5
13,1305,Mudzi RDC,Rural District,130506,6
13,1305,Mudzi RDC,Rural District,130507,7
13,1305,Mudzi RDC,Rural District,130508,8
13,1305,Mudzi RDC,Rural District,130509,9
13,1305,Mudzi RDC,Rural District,130510,10
13,1305,Mudzi RDC,Rural District,130511,11
13,1305,Mudzi RDC,Rural District,130512,12
13,1305,Mudzi RDC,Rural District,130513,13
13,1305,Mudzi RDC,Rural District,130514,14
13,1305,Mudzi RDC,Rural District,130515,15
13,1305,Mudzi RDC,Rural District,130516,16
13,1305,Mudzi RDC,Rural District,130517,17
13,1305,Mudzi RDC,Rural District,130518,18
13,1306,Murehwa RDC,Rural District,130601,1
13,1306,Murehwa RDC,Rural District,130602,2
13,1306,Murehwa RDC,Rural District,130603,3
13,1306,Murehwa RDC,Rural District,130604,4
13,1306,Murehwa RDC,Rural District,130605,5
13,1306,Murehwa RDC,Rural District,130606,6
13,1306,Murehwa RDC,Rural District,130607,7
13,1306,Murehwa RDC,Rural District,130608,8
13,1306,Murehwa RDC,Rural District,130609,9
13,1306,Murehwa RDC,Rural District,130610,10
13,1306,Murehwa RDC,Rural District,130611,11
13,1306,Murehwa RDC,Rural District,130612,12
13,1306,Murehwa RDC,Rural District,130613,13
13,1306,Murehwa RDC,Rural District,130614,14
13,1306,Murehwa RDC,Rural District,130615,15
13,1306,Murehwa RDC,Rural District,130616,16
13,1306,Murehwa RDC,Rural District,130617,17
13,1306,Murehwa RDC,Rural District,130618,18
13,1306,Murehwa RDC,Rural District,130619,19
13,1306,Murehwa RDC,Rural District,130620,20
13,1306,Murehwa RDC,Rural District,130621,21
13,1306,Murehwa RDC,Rural District,130622,22
13,1306,Murehwa RDC,Rural District,130623,23
13,1306,Murehwa RDC,Rural District,130624,24
13,1306,Murehwa RDC,Rural District,130625,25
13,1306,Murehwa RDC,Rural District,130626,26
13,1306,Murehwa RDC,Rural District,130627,27
13,1306,Murehwa RDC,Rural District,130628,28
13,1306,Murehwa RDC,Rural District,130629,29
13,1306,Murehwa RDC,Rural District,130630,30
13,1307,Mutoko RDC,Rural District,130701,1
13,1307,Mutoko RDC,Rural District,130702,2
13,1307,Mutoko RDC,Rural District,130703,3
13,1307,Mutoko RDC,Rural District,130704,4
13,1307,Mutoko RDC,Rural District,130705,5
13,1307,Mutoko RDC,Rural District,130706,6
13,1307,Mutoko RDC,Rural District,130707,7
13,1307,Mutoko RDC,Rural District,130708,8
13,1307,Mutoko RDC,Rural District,130709,9
13,1307,Mutoko RDC,Rural District,130710,10
13,1307,Mutoko RDC,Rural District,130711,11
13,1307,Mutoko RDC,Rural District,130712,12
13,1307,Mutoko RDC,Rural District,130713,13
13,1307,Mutoko RDC,Rural District,130714,14
13,1307,Mutoko RDC,Rural District,130715,15
13,1307,Mutoko RDC,Rural District,130716,16
13,1307,Mutoko RDC,Rural District,130717,17
13,1307,Mutoko RDC,Rural District,130718,18
13,1307,Mutoko RDC,Rural District,130719,19
13,1307,Mutoko RDC,Rural District,130720,20
13,1307,Mutoko RDC,Rural District,130721,21
13,1307,Mutoko RDC,Rural District,130722,22
13,1307,Mutoko RDC,Rural District,130723,23
13,1307,Mutoko RDC,Rural District,130724,24
13,1307,Mutoko RDC,Rural District,130725,25
13,1307,Mutoko RDC,Rural District,130726,26
13,1307,Mutoko RDC,Rural District,130727,27
13,1307,Mutoko RDC,Rural District,130728,28
13,1307,Mutoko RDC,Rural District,130729,29
13,1308,Manyame RDC,Rural District,130801,1
13,1308,Manyame RDC,Rural District,130802,2
13,1308,Manyame RDC,Rural District,130803,3
13,1308,Manyame RDC,Rural District,130804,4
13,1308,Manyame RDC,Rural District,130805,5
13,1308,Manyame RDC,Rural District,130806,6
13,1308,Manyame RDC,Rural District,130807,7
13,1308,Manyame RDC,Rural District,130808,8
13,1308,Manyame RDC,Rural District,130809,9
13,1308,Manyame RDC,Rural District,130810,10
13,1308,Manyame RDC,Rural District,130811,11
13,1308,Manyame RDC,Rural District,130812,12
13,1308,Manyame RDC,Rural District,130813,13
13,1308,Manyame RDC,Rural District,130814,14
13,1308,Manyame RDC,Rural District,130815,15
13,1308,Manyame RDC,Rural District,130816,16
13,1308,Manyame RDC,Rural District,130817,17
13,1308,Manyame RDC,Rural District,130818,18
13,1308,Manyame RDC,Rural District,130819,19
13,1308,Manyame RDC,Rural District,130820,20
13,1308,Manyame RDC,Rural District,130821,21
13,1309,Zvataida (Uzumba Maramba Pfungwe) RDC,Rural District,130901,1
13,1309,Zvataida (Uzumba Maramba Pfungwe) RDC,Rural District,130902,2
13,1309,Zvataida (Uzumba Maramba Pfungwe) RDC,Rural District,130903,3
13,1309,Zvataida (Uzumba Maramba Pfungwe) RDC,Rural District,130904,4
13,1309,Zvataida (Uzumba Maramba Pfungwe) RDC,Rural District,130905,5
13,1309,Zvataida (Uzumba Maramba Pfungwe) RDC,Rural District,130906,6
13,1309,Zvataida (Uzumba Maramba Pfungwe) RDC,Rural District,130907,7
13,1309,Zvataida (Uzumba Maramba Pfungwe) RDC,Rural District,130908,8
13,1309,Zvataida (Uzumba Maramba Pfungwe) RDC,Rural District,130909,9
13,1309,Zvataida (Uzumba Maramba Pfungwe) RDC,Rural District,130910,10
13,1309,Zvataida (Uzumba Maramba Pfungwe) RDC,Rural District,130911,11
13,1309,Zvataida (Uzumba Maramba Pfungwe) RDC,Rural District,130912,12
13,1309,Zvataida (Uzumba Maramba Pfungwe) RDC,Rural District,130913,13
13,1309,Zvataida (Uzumba Maramba Pfungwe) RDC,Rural District,130914,14
13,1309,Zvataida (Uzumba Maramba Pfungwe) RDC,Rural District,130915,15
13,1309,Zvataida (Uzumba Maramba Pfungwe) RDC,Rural District,130916,16
13,1309,Zvataida (Uzumba Maramba Pfungwe) RDC,Rural District,130917,17
13,1321,Marondera Municipality,Urban District,132101,1
13,1321,Marondera Municipality,Urban District,132102,2
13,1321,Marondera Municipality,Urban District,132103,3
13,1321,Marondera Municipality,Urban District,132104,4
13,1321,Marondera Municipality,Urban District,132105,5
13,1321,Marondera Municipality,Urban District,132106,6
13,1321,Marondera Municipality,Urban District,132107,7
13,1321,Marondera Municipality,Urban District,132108,8
13,1321,Marondera Municipality,Urban District,132109,9
13,1321,Marondera Municipality,Urban District,132110,10
13,1321,Marondera Municipality,Urban District,132111,11
13,1321,Marondera Municipality,Urban District,132112,12
13,1326,Ruwa Local Board,Urban District,132601,1
13,1326,Ruwa Local Board,Urban District,132602,2
13,1326,Ruwa Local Board,Urban District,132603,3
13,1326,Ruwa Local Board,Urban District,132604,4
13,1326,Ruwa Local Board,Urban District,132605,5
13,1326,Ruwa Local Board,Urban District,132606,6
13,1326,Ruwa Local Board,Urban District,132607,7
13,1326,Ruwa Local Board,Urban District,132608,8
13,1326,Ruwa Local Board,Urban District,132609,9
14,1401,Chegutu RDC,Rural District,140101,1
14,1401,Chegutu RDC,Rural District,140102,2
14,1401,Chegutu RDC,Rural District,140103,3
14,1401,Chegutu RDC,Rural District,140104,4
14,1401,Chegutu RDC,Rural District,140105,5
14,1401,Chegutu RDC,Rural District,140106,6
14,1401,Chegutu RDC,Rural District,140107,7
14,1401,Chegutu RDC,Rural District,140108,8
14,1401,Chegutu RDC,Rural District,140109,9
14,1401,Chegutu RDC,Rural District,140110,10
14,1401,Chegutu RDC,Rural District,140111,11
14,1401,Chegutu RDC,Rural District,140112,12
14,1401,Chegutu RDC,Rural District,140113,13
14,1401,Chegutu RDC,Rural District,140114,14
14,1401,Chegutu RDC,Rural District,140115,15
14,1401,Chegutu RDC,Rural District,140116,16
14,1401,Chegutu RDC,Rural District,140117,17
14,1401,Chegutu RDC,Rural District,140118,18
14,1401,Chegutu RDC,Rural District,140119,19
14,1401,Chegutu RDC,Rural District,140120,20
14,1401,Chegutu RDC,Rural District,140121,21
14,1401,Chegutu RDC,Rural District,140122,22
14,1401,Chegutu RDC,Rural District,140123,23
14,1401,Chegutu RDC,Rural District,140124,24
14,1401,Chegutu RDC,Rural District,140125,25
14,1401,Chegutu RDC,Rural District,140126,26
14,1401,Chegutu RDC,Rural District,140127,27
14,1401,Chegutu RDC,Rural District,140128,28
14,1401,Chegutu RDC,Rural District,140129,29
14,1402,Hurungwe RDC,Rural District,140201,1
14,1402,Hurungwe RDC,Rural District,140202,2
14,1402,Hurungwe RDC,Rural District,140203,3
14,1402,Hurungwe RDC,Rural District,140204,4
14,1402,Hurungwe RDC,Rural District,140205,5
14,1402,Hurungwe RDC,Rural District,140206,6
14,1402,Hurungwe RDC,Rural District,140207,7
14,1402,Hurungwe RDC,Rural District,140208,8
14,1402,Hurungwe RDC,Rural District,140209,9
14,1402,Hurungwe RDC,Rural District,140210,10
14,1402,Hurungwe RDC,Rural District,140211,11
14,1402,Hurungwe RDC,Rural District,140212,12
14,1402,Hurungwe RDC,Rural District,140213,13
14,1402,Hurungwe RDC,Rural District,140214,14
14,1402,Hurungwe RDC,Rural District,140215,15
14,1402,Hurungwe RDC,Rural District,140216,16
14,1402,Hurungwe RDC,Rural District,140217,17
14,1402,Hurungwe RDC,Rural District,140218,18
14,1402,Hurungwe RDC,Rural District,140219,19
14,1402,Hurungwe RDC,Rural District,140220,20
14,1402,Hurungwe RDC,Rural District,140221,21
14,1402,Hurungwe RDC,Rural District,140222,22
14,1402,Hurungwe RDC,Rural District,140223,23
14,1402,Hurungwe RDC,Rural District,140224,24
14,1402,Hurungwe RDC,Rural District,140225,25
14,1402,Hurungwe RDC,Rural District,140226,26
14,1403,Kadoma City Council,Urban District,140301,1
14,1403,Kadoma City Council,Urban District,140302,2
14,1403,Kadoma City Council,Urban District,140303,3
14,1403,Kadoma City Council,Urban District,140304,4
14,1403,Kadoma City Council,Urban District,140305,5
14,1403,Kadoma City Council,Urban District,140306,6
14,1403,Kadoma City Council,Urban District,140307,7
14,1403,Kadoma City Council,Urban District,140308,8
14,1403,Kadoma City Council,Urban District,140309,9
14,1403,Kadoma City Council,Urban District,140310,10
14,1403,Kadoma City Council,Urban District,140311,11
14,1403,Kadoma City Council,Urban District,140312,12
14,1403,Kadoma City Council,Urban District,140313,13
14,1403,Kadoma City Council,Urban District,140314,14
14,1403,Kadoma City Council,Urban District,140315,15
14,1403,Kadoma City Council,Urban District,140316,16
14,1403,Kadoma City Council,Urban District,140317,17
14,1404,Nyaminyami RDC,Rural District,140401,1
14,1404,Nyaminyami RDC,Rural District,140402,2
14,1404,Nyaminyami RDC,Rural District,140403,3
14,1404,Nyaminyami RDC,Rural District,140404,4
14,1404,Nyaminyami RDC,Rural District,140405,5
14,1404,Nyaminyami RDC,Rural District,140406,6
14,1404,Nyaminyami RDC,Rural District,140407,7
14,1404,Nyaminyami RDC,Rural District,140408,8
14,1404,Nyaminyami RDC,Rural District,140409,9
14,1404,Nyaminyami RDC,Rural District,140410,10
14,1404,Nyaminyami RDC,Rural District,140411,11
14,1404,Nyaminyami RDC,Rural District,140412,12
14,1405,Makonde RDC,Rural District,140501,1
14,1405,Makonde RDC,Rural District,140502,2
14,1405,Makonde RDC,Rural District,140503,3
14,1405,Makonde RDC,Rural District,140504,4
14,1405,Makonde RDC,Rural District,140505,5
14,1405,Makonde RDC,Rural District,140506,6
14,1405,Makonde RDC,Rural District,140507,7
14,1405,Makonde RDC,Rural District,140508,8
14,1405,Makonde RDC,Rural District,140509,9
14,1405,Makonde RDC,Rural District,140510,10
14,1405,Makonde RDC,Rural District,140511,11
14,1405,Makonde RDC,Rural District,140512,12
14,1405,Makonde RDC,Rural District,140513,13
14,1405,Makonde RDC,Rural District,140514,14
14,1405,Makonde RDC,Rural District,140515,15
14,1405,Makonde RDC,Rural District,140516,16
14,1405,Makonde RDC,Rural District,140517,17
14,1405,Makonde RDC,Rural District,140518,18
14,1405,Makonde RDC,Rural District,140519,19
14,1406,Zvimba RDC,Rural District,140601,1
14,1406,Zvimba RDC,Rural District,140602,2
14,1406,Zvimba RDC,Rural District,140603,3
14,1406,Zvimba RDC,Rural District,140604,4
14,1406,Zvimba RDC,Rural District,140605,5
14,1406,Zvimba RDC,Rural District,140606,6
14,1406,Zvimba RDC,Rural District,140607,7
14,1406,Zvimba RDC,Rural District,140608,8
14,1406,Zvimba RDC,Rural District,140609,9
14,1406,Zvimba RDC,Rural District,140610,10
14,1406,Zvimba RDC,Rural District,140611,11
14,1406,Zvimba RDC,Rural District,140612,12
14,1406,Zvimba RDC,Rural District,140613,13
14,1406,Zvimba RDC,Rural District,140614,14
14,1406,Zvimba RDC,Rural District,140615,15
14,1406,Zvimba RDC,Rural District,140616,16
14,1406,Zvimba RDC,Rural District,140617,17
14,1406,Zvimba RDC,Rural District,140618,18
14,1406,Zvimba RDC,Rural District,140619,19
14,1406,Zvimba RDC,Rural District,140620,20
14,1406,Zvimba RDC,Rural District,140621,21
14,1406,Zvimba RDC,Rural District,140622,22
14,1406,Zvimba RDC,Rural District,140623,23
14,1406,Zvimba RDC,Rural District,140624,24
14,1406,Zvimba RDC,Rural District,140625,25
14,1406,Zvimba RDC,Rural District,140626,26
14,1406,Zvimba RDC,Rural District,140627,27
14,1406,Zvimba RDC,Rural District,140628,28
14,1406,Zvimba RDC,Rural District,140629,29
14,1406,Zvimba RDC,Rural District,140630,30
14,1406,Zvimba RDC,Rural District,140631,31
14,1406,Zvimba RDC,Rural District,140632,32
14,1406,Zvimba RDC,Rural District,140633,33
14,1406,Zvimba RDC,Rural District,140634,34
14,1406,Zvimba RDC,Rural District,140635,35
14,1421,Chinhoyi Municipality,Urban District,142101,1
14,1421,Chinhoyi Municipality,Urban District,142102,2
14,1421,Chinhoyi Municipality,Urban District,142103,3
14,1421,Chinhoyi Municipality,Urban District,142104,4
14,1421,Chinhoyi Municipality,Urban District,142105,5
14,1421,Chinhoyi Municipality,Urban District,142106,6
14,1421,Chinhoyi Municipality,Urban District,142107,7
14,1421,Chinhoyi Municipality,Urban District,142108,8
14,1421,Chinhoyi Municipality,Urban District,142109,9
14,1421,Chinhoyi Municipality,Urban District,142110,10
14,1421,Chinhoyi Municipality,Urban District,142111,11
14,1421,Chinhoyi Municipality,Urban District,142112,12
14,1421,Chinhoyi Municipality,Urban District,142113,13
14,1421,Chinhoyi Municipality,Urban District,142114,14
14,1421,Chinhoyi Municipality,Urban District,142115,15
14,1423,Chegutu Municipality,Urban District,142301,1
14,1423,Chegutu Municipality,Urban District,142302,2
14,1423,Chegutu Municipality,Urban District,142303,3
14,1423,Chegutu Municipality,Urban District,142304,4
14,1423,Chegutu Municipality,Urban District,142305,5
14,1423,Chegutu Municipality,Urban District,142306,6
14,1423,Chegutu Municipality,Urban District,142307,7
14,1423,Chegutu Municipality,Urban District,142308,8
14,1423,Chegutu Municipality,Urban District,142309,9
14,1423,Chegutu Municipality,Urban District,142310,10
14,1423,Chegutu Municipality,Urban District,142311,11
14,1423,Chegutu Municipality,Urban District,142312,12
14,1424,Kariba Municipality,Urban District,142401,1
14,1424,Kariba Municipality,Urban District,142402,2
14,1424,Kariba Municipality,Urban District,142403,3
14,1424,Kariba Municipality,Urban District,142404,4
14,1424,Kariba Municipality,Urban District,142405,5
14,1424,Kariba Municipality,Urban District,142406,6
14,1424,Kariba Municipality,Urban District,142407,7
14,1424,Kariba Municipality,Urban District,142408,8
14,1424,Kariba Municipality,Urban District,142409,9
14,1425,Norton Town Council,Urban District,142501,1
14,1425,Norton Town Council,Urban District,142502,2
14,1425,Norton Town Council,Urban District,142503,3
14,1425,Norton Town Council,Urban District,142504,4
14,1425,Norton Town Council,Urban District,142505,5
14,1425,Norton Town Council,Urban District,142506,6
14,1425,Norton Town Council,Urban District,142507,7
14,1425,Norton Town Council,Urban District,142508,8
14,1425,Norton Town Council,Urban District,142509,9
14,1425,Norton Town Council,Urban District,142510,10
14,1425,Norton Town Council,Urban District,142511,11
14,1425,Norton Town Council,Urban District,142512,12
14,1425,Norton Town Council,Urban District,142513,13
14,1426,Karoi Town Council,Urban District,142601,1
14,1426,Karoi Town Council,Urban District,142602,2
14,1426,Karoi Town Council,Urban District,142603,3
14,1426,Karoi Town Council,Urban District,142604,4
14,1426,Karoi Town Council,Urban District,142605,5
14,1426,Karoi Town Council,Urban District,142606,6
14,1426,Karoi Town Council,Urban District,142607,7
14,1426,Karoi Town Council,Urban District,142608,8
14,1426,Karoi Town Council,Urban District,142609,9
14,1426,Karoi Town Council,Urban District,142610,10
14,1427,Mhondoro-Ngezi RDC,Rural District,142701,1
14,1427,Mhondoro-Ngezi RDC,Rural District,142702,2
14,1427,Mhondoro-Ngezi RDC,Rural District,142703,3
14,1427,Mhondoro-Ngezi RDC,Rural District,142704,4
14,1427,Mhondoro-Ngezi RDC,Rural District,142705,5
14,1427,Mhondoro-Ngezi RDC,Rural District,142706,6
14,1427,Mhondoro-Ngezi RDC,Rural District,142707,7
14,1427,Mhondoro-Ngezi RDC,Rural District,142708,8
14,1427,Mhondoro-Ngezi RDC,Rural District,142709,9
14,1427,Mhondoro-Ngezi RDC,Rural District,142710,10
14,1427,Mhondoro-Ngezi RDC,Rural District,142711,11
14,1427,Mhondoro-Ngezi RDC,Rural District,142712,12
14,1427,Mhondoro-Ngezi RDC,Rural District,142713,13
14,1427,Mhondoro-Ngezi RDC,Rural District,142714,14
14,1427,Mhondoro-Ngezi RDC,Rural District,142715,15
14,1427,Mhondoro-Ngezi RDC,Rural District,142716,16
14,1428,Sanyati RDC,Rural District,142801,1
14,1428,Sanyati RDC,Rural District,142802,2
14,1428,Sanyati RDC,Rural District,142803,3
14,1428,Sanyati RDC,Rural District,142804,4
14,1428,Sanyati RDC,Rural District,142805,5
14,1428,Sanyati RDC,Rural District,142806,6
14,1428,Sanyati RDC,Rural District,142807,7
14,1428,Sanyati RDC,Rural District,142808,8
14,1428,Sanyati RDC,Rural District,142809,9
14,1428,Sanyati RDC,Rural District,142810,10
14,1428,Sanyati RDC,Rural District,142811,11
14,1428,Sanyati RDC,Rural District,142812,12
14,1428,Sanyati RDC,Rural District,142813,13
14,1428,Sanyati RDC,Rural District,142814,14
14,1428,Sanyati RDC,Rural District,142815,15
14,1428,Sanyati RDC,Rural District,142816,16
14,1428,Sanyati RDC,Rural District,142817,17
14,1428,Sanyati RDC,Rural District,142818,18
15,1501,Binga RDC,Rural District,150101,1
15,1501,Binga RDC,Rural District,150102,2
15,1501,Binga RDC,Rural District,150103,3
15,1501,Binga RDC,Rural District,150104,4
15,1501,Binga RDC,Rural District,150105,5
15,1501,Binga RDC,Rural District,150106,6
15,1501,Binga RDC,Rural District,150107,7
15,1501,Binga RDC,Rural District,150108,8
15,1501,Binga RDC,Rural District,150109,9
15,1501,Binga RDC,Rural District,150110,10
15,1501,Binga RDC,Rural District,150111,11
15,1501,Binga RDC,Rural District,150112,12
15,1501,Binga RDC,Rural District,150113,13
15,1501,Binga RDC,Rural District,150114,14
15,1501,Binga RDC,Rural District,150115,15
15,1501,Binga RDC,Rural District,150116,16
15,1501,Binga RDC,Rural District,150117,17
15,1501,Binga RDC,Rural District,150118,18
15,1501,Binga RDC,Rural District,150119,19
15,1501,Binga RDC,Rural District,150120,20
15,1501,Binga RDC,Rural District,150121,21
15,1501,Binga RDC,Rural District,150122,22
15,1501,Binga RDC,Rural District,150123,23
15,1501,Binga RDC,Rural District,150124,24
15,1501,Binga RDC,Rural District,150125,25
15,1502,Bubi RDC,Rural District,150201,1
15,1502,Bubi RDC,Rural District,150202,2
15,1502,Bubi RDC,Rural District,150203,3
15,1502,Bubi RDC,Rural District,150204,4
15,1502,Bubi RDC,Rural District,150205,5
15,1502,Bubi RDC,Rural District,150206,6
15,1502,Bubi RDC,Rural District,150207,7
15,1502,Bubi RDC,Rural District,150208,8
15,1502,Bubi RDC,Rural District,150209,9
15,1502,Bubi RDC,Rural District,150210,10
15,1502,Bubi RDC,Rural District,150211,11
15,1502,Bubi RDC,Rural District,150212,12
15,1502,Bubi RDC,Rural District,150213,13
15,1502,Bubi RDC,Rural District,150214,14
15,1502,Bubi RDC,Rural District,150215,15
15,1502,Bubi RDC,Rural District,150216,16
15,1502,Bubi RDC,Rural District,150217,17
15,1502,Bubi RDC,Rural District,150218,18
15,1502,Bubi RDC,Rural District,150219,19
15,1502,Bubi RDC,Rural District,150220,20
15,1502,Bubi RDC,Rural District,150221,21
15,1502,Bubi RDC,Rural District,150222,22
15,1502,Bubi RDC,Rural District,150223,23
15,1503,Hwange RDC,Rural District,150301,1
15,1503,Hwange RDC,Rural District,150302,2
15,1503,Hwange RDC,Rural District,150303,3
15,1503,Hwange RDC,Rural District,150304,4
15,1503,Hwange RDC,Rural District,150305,5
15,1503,Hwange RDC,Rural District,150306,6
15,1503,Hwange RDC,Rural District,150307,7
15,1503,Hwange RDC,Rural District,150308,8
15,1503,Hwange RDC,Rural District,150309,9
15,1503,Hwange RDC,Rural District,150310,10
15,1503,Hwange RDC,Rural District,150311,11
15,1503,Hwange RDC,Rural District,150312,12
15,1503,Hwange RDC,Rural District,150313,13
15,1503,Hwange RDC,Rural District,150314,14
15,1503,Hwange RDC,Rural District,150315,15
15,1503,Hwange RDC,Rural District,150316,16
15,1503,Hwange RDC,Rural District,150317,17
15,1503,Hwange RDC,Rural District,150318,18
15,1503,Hwange RDC,Rural District,150319,19
15,1503,Hwange RDC,Rural District,150320,20
15,1504,Kusile RDC,Rural District,150401,1
15,1504,Kusile RDC,Rural District,150402,2
15,1504,Kusile RDC,Rural District,150403,3
15,1504,Kusile RDC,Rural District,150404,4
15,1504,Kusile RDC,Rural District,150405,5
15,1504,Kusile RDC,Rural District,150406,6
15,1504,Kusile RDC,Rural District,150407,7
15,1504,Kusile RDC,Rural District,150408,8
15,1504,Kusile RDC,Rural District,150409,9
15,1504,Kusile RDC,Rural District,150410,10
15,1504,Kusile RDC,Rural District,150411,11
15,1504,Kusile RDC,Rural District,150412,12
15,1504,Kusile RDC,Rural District,150413,13
15,1504,Kusile RDC,Rural District,150414,14
15,1504,Kusile RDC,Rural District,150415,15
15,1504,Kusile RDC,Rural District,150416,16
15,1504,Kusile RDC,Rural District,150417,17
15,1504,Kusile RDC,Rural District,150418,18
15,1504,Kusile RDC,Rural District,150419,19
15,1504,Kusile RDC,Rural District,150420,20
15,1504,Kusile RDC,Rural District,150421,21
15,1504,Kusile RDC,Rural District,150422,22
15,1504,Kusile RDC,Rural District,150423,23
15,1504,Kusile RDC,Rural District,150424,24
15,1504,Kusile RDC,Rural District,150425,25
15,1504,Kusile RDC,Rural District,150426,26
15,1504,Kusile RDC,Rural District,150427,27
15,1504,Kusile RDC,Rural District,150428,28
15,1505,Nkayi RDC,Rural District,150501,1
15,1505,Nkayi RDC,Rural District,150502,2
15,1505,Nkayi RDC,Rural District,150503,3
15,1505,Nkayi RDC,Rural District,150504,4
15,1505,Nkayi RDC,Rural District,150505,5
15,1505,Nkayi RDC,Rural District,150506,6
15,1505,Nkayi RDC,Rural District,150507,7
15,1505,Nkayi RDC,Rural District,150508,8
15,1505,Nkayi RDC,Rural District,150509,9
15,1505,Nkayi RDC,Rural District,150510,10
15,1505,Nkayi RDC,Rural District,150511,11
15,1505,Nkayi RDC,Rural District,150512,12
15,1505,Nkayi RDC,Rural District,150513,13
15,1505,Nkayi RDC,Rural District,150514,14
15,1505,Nkayi RDC,Rural District,150515,15
15,1505,Nkayi RDC,Rural District,150516,16
15,1505,Nkayi RDC,Rural District,150517,17
15,1505,Nkayi RDC,Rural District,150518,18
15,1505,Nkayi RDC,Rural District,150519,19
15,1505,Nkayi RDC,Rural District,150520,20
15,1505,Nkayi RDC,Rural District,150521,21
15,1505,Nkayi RDC,Rural District,150522,22
15,1505,Nkayi RDC,Rural District,150523,23
15,1505,Nkayi RDC,Rural District,150524,24
15,1505,Nkayi RDC,Rural District,150525,25
15,1505,Nkayi RDC,Rural District,150526,26
15,1505,Nkayi RDC,Rural District,150527,27
15,1505,Nkayi RDC,Rural District,150528,28
15,1505,Nkayi RDC,Rural District,150529,29
15,1505,Nkayi RDC,Rural District,150530,30
15,1506,Tsholotsho RDC,Rural District,150601,1
15,1506,Tsholotsho RDC,Rural District,150602,2
15,1506,Tsholotsho RDC,Rural District,150603,3
15,1506,Tsholotsho RDC,Rural District,150604,4
15,1506,Tsholotsho RDC,Rural District,150605,5
15,1506,Tsholotsho RDC,Rural District,150606,6
15,1506,Tsholotsho RDC,Rural District,150607,7
15,1506,Tsholotsho RDC,Rural District,150608,8
15,1506,Tsholotsho RDC,Rural District,150609,9
15,1506,Tsholotsho RDC,Rural District,150610,10
15,1506,Tsholotsho RDC,Rural District,150611,11
15,1506,Tsholotsho RDC,Rural District,150612,12
15,1506,Tsholotsho RDC,Rural District,150613,13
15,1506,Tsholotsho RDC,Rural District,150614,14
15,1506,Tsholotsho RDC,Rural District,150615,15
15,1506,Tsholotsho RDC,Rural District,150616,16
15,1506,Tsholotsho RDC,Rural District,150617,17
15,1506,Tsholotsho RDC,Rural District,150618,18
15,1506,Tsholotsho RDC,Rural District,150619,19
15,1506,Tsholotsho RDC,Rural District,150620,20
15,1506,Tsholotsho RDC,Rural District,150621,21
15,1506,Tsholotsho RDC,Rural District,150622,22
15,1507,Umguza RDC,Rural District,150701,1
15,1507,Umguza RDC,Rural District,150702,2
15,1507,Umguza RDC,Rural District,150703,3
15,1507,Umguza RDC,Rural District,150704,4
15,1507,Umguza RDC,Rural District,150705,5
15,1507,Umguza RDC,Rural District,150706,6
15,1507,Umguza RDC,Rural District,150707,7
15,1507,Umguza RDC,Rural District,150708,8
15,1507,Umguza RDC,Rural District,150709,9
15,1507,Umguza RDC,Rural District,150710,10
15,1507,Umguza RDC,Rural District,150711,11
15,1507,Umguza RDC,Rural District,150712,12
15,1507,Umguza RDC,Rural District,150713,13
15,1507,Umguza RDC,Rural District,150714,14
15,1507,Umguza RDC,Rural District,150715,15
15,1507,Umguza RDC,Rural District,150716,16
15,1507,Umguza RDC,Rural District,150717,17
15,1507,Umguza RDC,Rural District,150718,18
15,1507,Umguza RDC,Rural District,150719,19
15,1521,Hwange Local Board,Urban District,152101,1
15,1521,Hwange Local Board,Urban District,152102,2
15,1521,Hwange Local Board,Urban District,152103,3
15,1521,Hwange Local Board,Urban District,152104,4
15,1521,Hwange Local Board,Urban District,152105,5
15,1521,Hwange Local Board,Urban District,152106,6
15,1521,Hwange Local Board,Urban District,152107,7
15,1521,Hwange Local Board,Urban District,152108,8
15,1521,Hwange Local Board,Urban District,152109,9
15,1521,Hwange Local Board,Urban District,152110,10
15,1521,Hwange Local Board,Urban District,152111,11
15,1521,Hwange Local Board,Urban District,152112,12
15,1521,Hwange Local Board,Urban District,152113,13
15,1521,Hwange Local Board,Urban District,152114,14
15,1521,Hwange Local Board,Urban District,152115,15
15,1522,Victoria Falls Municipality,Urban District,152201,1
15,1522,Victoria Falls Municipality,Urban District,152202,2
15,1522,Victoria Falls Municipality,Urban District,152203,3
15,1522,Victoria Falls Municipality,Urban District,152204,4
15,1522,Victoria Falls Municipality,Urban District,152205,5
15,1522,Victoria Falls Municipality,Urban District,152206,6
15,1522,Victoria Falls Municipality,Urban District,152207,7
15,1522,Victoria Falls Municipality,Urban District,152208,8
15,1522,Victoria Falls Municipality,Urban District,152209,9
15,1522,Victoria Falls Municipality,Urban District,152210,10
15,1522,Victoria Falls Municipality,Urban District,152211,11
16,1601,Beitbridge RDC,Rural District,160101,1
16,1601,Beitbridge RDC,Rural District,160102,2
16,1601,Beitbridge RDC,Rural District,160103,3
16,1601,Beitbridge RDC,Rural District,160104,4
16,1601,Beitbridge RDC,Rural District,160105,5
16,1601,Beitbridge RDC,Rural District,160106,6
16,1601,Beitbridge RDC,Rural District,160107,7
16,1601,Beitbridge RDC,Rural District,160108,8
16,1601,Beitbridge RDC,Rural District,160109,9
16,1601,Beitbridge RDC,Rural District,160110,10
16,1601,Beitbridge RDC,Rural District,160111,11
16,1601,Beitbridge RDC,Rural District,160112,12
16,1601,Beitbridge RDC,Rural District,160113,13
16,1601,Beitbridge RDC,Rural District,160114,14
16,1601,Beitbridge RDC,Rural District,160115,15
16,1602,Bulilima RDC,Rural District,160201,1
16,1602,Bulilima RDC,Rural District,160202,2
16,1602,Bulilima RDC,Rural District,160203,3
16,1602,Bulilima RDC,Rural District,160204,4
16,1602,Bulilima RDC,Rural District,160205,5
16,1602,Bulilima RDC,Rural District,160206,6
16,1602,Bulilima RDC,Rural District,160207,7
16,1602,Bulilima RDC,Rural District,160208,8
16,1602,Bulilima RDC,Rural District,160209,9
16,1602,Bulilima RDC,Rural District,160210,10
16,1602,Bulilima RDC,Rural District,160211,11
16,1602,Bulilima RDC,Rural District,160212,12
16,1602,Bulilima RDC,Rural District,160213,13
16,1602,Bulilima RDC,Rural District,160214,14
16,1602,Bulilima RDC,Rural District,160215,15
16,1602,Bulilima RDC,Rural District,160216,16
16,1602,Bulilima RDC,Rural District,160217,17
16,1602,Bulilima RDC,Rural District,160218,18
16,1602,Bulilima RDC,Rural District,160219,19
16,1602,Bulilima RDC,Rural District,160220,20
16,1602,Bulilima RDC,Rural District,160221,21
16,1602,Bulilima RDC,Rural District,160222,22
16,1603,Mangwe RDC,Rural District,160301,1
16,1603,Mangwe RDC,Rural District,160302,2
16,1603,Mangwe RDC,Rural District,160303,3
16,1603,Mangwe RDC,Rural District,160304,4
16,1603,Mangwe RDC,Rural District,160305,5
16,1603,Mangwe RDC,Rural District,160306,6
16,1603,Mangwe RDC,Rural District,160307,7
16,1603,Mangwe RDC,Rural District,160308,8
16,1603,Mangwe RDC,Rural District,160309,9
16,1603,Mangwe RDC,Rural District,160310,10
16,1603,Mangwe RDC,Rural District,160311,11
16,1603,Mangwe RDC,Rural District,160312,12
16,1603,Mangwe RDC,Rural District,160313,13
16,1603,Mangwe RDC,Rural District,160314,14
16,1603,Mangwe RDC,Rural District,160315,15
16,1603,Mangwe RDC,Rural District,160316,16
16,1603,Mangwe RDC,Rural District,160317,17
16,1604,Gwanda RDC,Rural District,160401,1
16,1604,Gwanda RDC,Rural District,160402,2
16,1604,Gwanda RDC,Rural District,160403,3
16,1604,Gwanda RDC,Rural District,160404,4
16,1604,Gwanda RDC,Rural District,160405,5
16,1604,Gwanda RDC,Rural District,160406,6
16,1604,Gwanda RDC,Rural District,160407,7
16,1604,Gwanda RDC,Rural District,160408,8
16,1604,Gwanda RDC,Rural District,160409,9
16,1604,Gwanda RDC,Rural District,160410,10
16,1604,Gwanda RDC,Rural District,160411,11
16,1604,Gwanda RDC,Rural District,160412,12
16,1604,Gwanda RDC,Rural District,160413,13
16,1604,Gwanda RDC,Rural District,160414,14
16,1604,Gwanda RDC,Rural District,160415,15
16,1604,Gwanda RDC,Rural District,160416,16
16,1604,Gwanda RDC,Rural District,160417,17
16,1604,Gwanda RDC,Rural District,160418,18
16,1604,Gwanda RDC,Rural District,160419,19
16,1604,Gwanda RDC,Rural District,160420,20
16,1604,Gwanda RDC,Rural District,160421,21
16,1604,Gwanda RDC,Rural District,160422,22
16,1604,Gwanda RDC,Rural District,160423,23
16,1604,Gwanda RDC,Rural District,160424,24
16,1605,Insiza RDC,Rural District,160501,1
16,1605,Insiza RDC,Rural District,160502,2
16,1605,Insiza RDC,Rural District,160503,3
16,1605,Insiza RDC,Rural District,160504,4
16,1605,Insiza RDC,Rural District,160505,5
16,1605,Insiza RDC,Rural District,160506,6
16,1605,Insiza RDC,Rural District,160507,7
16,1605,Insiza RDC,Rural District,160508,8
16,1605,Insiza RDC,Rural District,160509,9
16,1605,Insiza RDC,Rural District,160510,10
16,1605,Insiza RDC,Rural District,160511,11
16,1605,Insiza RDC,Rural District,160512,12
16,1605,Insiza RDC,Rural District,160513,13
16,1605,Insiza RDC,Rural District,160514,14
16,1605,Insiza RDC,Rural District,160515,15
16,1605,Insiza RDC,Rural District,160516,16
16,1605,Insiza RDC,Rural District,160517,17
16,1605,Insiza RDC,Rural District,160518,18
16,1605,Insiza RDC,Rural District,160519,19
16,1605,Insiza RDC,Rural District,160520,20
16,1605,Insiza RDC,Rural District,160521,21
16,1605,Insiza RDC,Rural District,160522,22
16,1605,Insiza RDC,Rural District,160523,23
16,1606,Matobo RDC,Rural District,160601,1
16,1606,Matobo RDC,Rural District,160602,2
16,1606,Matobo RDC,Rural District,160603,3
16,1606,Matobo RDC,Rural District,160604,4
16,1606,Matobo RDC,Rural District,160605,5
16,1606,Matobo RDC,Rural District,160606,6
16,1606,Matobo RDC,Rural District,160607,7
16,1606,Matobo RDC,Rural District,160608,8
16,1606,Matobo RDC,Rural District,160609,9
16,1606,Matobo RDC,Rural District,160610,10
16,1606,Matobo RDC,Rural District,160611,11
16,1606,Matobo RDC,Rural District,160612,12
16,1606,Matobo RDC,Rural District,160613,13
16,1606,Matobo RDC,Rural District,160614,14
16,1606,Matobo RDC,Rural District,160615,15
16,1606,Matobo RDC,Rural District,160616,16
16,1606,Matobo RDC,Rural District,160617,17
16,1606,Matobo RDC,Rural District,160618,18
16,1606,Matobo RDC,Rural District,160619,19
16,1606,Matobo RDC,Rural District,160620,20
16,1606,Matobo RDC,Rural District,160621,21
16,1606,Matobo RDC,Rural District,160622,22
16,1606,Matobo RDC,Rural District,160623,23
16,1606,Matobo RDC,Rural District,160624,24
16,1606,Matobo RDC,Rural District,160625,25
16,1607,Umzingwane RDC,Rural District,160701,1
16,1607,Umzingwane RDC,Rural District,160702,2
16,1607,Umzingwane RDC,Rural District,160703,3
16,1607,Umzingwane RDC,Rural District,160704,4
16,1607,Umzingwane RDC,Rural District,160705,5
16,1607,Umzingwane RDC,Rural District,160706,6
16,1607,Umzingwane RDC,Rural District,160707,7
16,1607,Umzingwane RDC,Rural District,160708,8
16,1607,Umzingwane RDC,Rural District,160709,9
16,1607,Umzingwane RDC,Rural District,160710,10
16,1607,Umzingwane RDC,Rural District,160711,11
16,1607,Umzingwane RDC,Rural District,160712,12
16,1607,Umzingwane RDC,Rural District,160713,13
16,1607,Umzingwane RDC,Rural District,160714,14
16,1607,Umzingwane RDC,Rural District,160715,15
16,1607,Umzingwane RDC,Rural District,160716,16
16,1607,Umzingwane RDC,Rural District,160717,17
16,1607,Umzingwane RDC,Rural District,160718,18
16,1607,Umzingwane RDC,Rural District,160719,19
16,1607,Umzingwane RDC,Rural District,160720,20
16,1621,Gwanda Municipality,Urban District,162101,1
16,1621,Gwanda Municipality,Urban District,162102,2
16,1621,Gwanda Municipality,Urban District,162103,3
16,1621,Gwanda Municipality,Urban District,162104,4
16,1621,Gwanda Municipality,Urban District,162105,5
16,1621,Gwanda Municipality,Urban District,162106,6
16,1621,Gwanda Municipality,Urban District,162107,7
16,1621,Gwanda Municipality,Urban District,162108,8
16,1621,Gwanda Municipality,Urban District,162109,9
16,1621,Gwanda Municipality,Urban District,162110,10
16,1622,Beitbridge Town Council,Urban District,162201,1
16,1622,Beitbridge Town Council,Urban District,162202,2
16,1622,Beitbridge Town Council,Urban District,162203,3
16,1622,Beitbridge Town Council,Urban District,162204,4
16,1622,Beitbridge Town Council,Urban District,162205,5
16,1622,Beitbridge Town Council,Urban District,162206,6
16,1623,Plumtree Town Council,Urban District,162301,1
16,1623,Plumtree Town Council,Urban District,162302,2
16,1623,Plumtree Town Council,Urban District,162303,3
16,1623,Plumtree Town Council,Urban District,162304,4
16,1623,Plumtree Town Council,Urban District,162305,5
16,1623,Plumtree Town Council,Urban District,162306,6
17,1701,Takawira RDC,Rural District,170101,1
17,1701,Takawira RDC,Rural District,170102,2
17,1701,Takawira RDC,Rural District,170103,3
17,1701,Takawira RDC,Rural District,170104,4
17,1701,Takawira RDC,Rural District,170105,5
17,1701,Takawira RDC,Rural District,170106,6
17,1701,Takawira RDC,Rural District,170107,7
17,1701,Takawira RDC,Rural District,170108,8
17,1701,Takawira RDC,Rural District,170109,9
17,1701,Takawira RDC,Rural District,170110,10
17,1701,Takawira RDC,Rural District,170111,11
17,1701,Takawira RDC,Rural District,170112,12
17,1701,Takawira RDC,Rural District,170113,13
17,1701,Takawira RDC,Rural District,170114,14
17,1701,Takawira RDC,Rural District,170115,15
17,1701,Takawira RDC,Rural District,170116,16
17,1701,Takawira RDC,Rural District,170117,17
17,1701,Takawira RDC,Rural District,170118,18
17,1701,Takawira RDC,Rural District,170119,19
17,1701,Takawira RDC,Rural District,170120,20
17,1701,Takawira RDC,Rural District,170121,21
17,1701,Takawira RDC,Rural District,170122,22
17,1701,Takawira RDC,Rural District,170123,23
17,1701,Takawira RDC,Rural District,170124,24
17,1701,Takawira RDC,Rural District,170125,25
17,1702,Gokwe North RDC,Rural District,170201,1
17,1702,Gokwe North RDC,Rural District,170202,2
17,1702,Gokwe North RDC,Rural District,170203,3
17,1702,Gokwe North RDC,Rural District,170204,4
17,1702,Gokwe North RDC,Rural District,170205,5
17,1702,Gokwe North RDC,Rural District,170206,6
17,1702,Gokwe North RDC,Rural District,170207,7
17,1702,Gokwe North RDC,Rural District,170208,8
17,1702,Gokwe North RDC,Rural District,170209,9
17,1702,Gokwe North RDC,Rural District,170210,10
17,1702,Gokwe North RDC,Rural District,170211,11
17,1702,Gokwe North RDC,Rural District,170212,12
17,1702,Gokwe North RDC,Rural District,170213,13
17,1702,Gokwe North RDC,Rural District,170214,14
17,1702,Gokwe North RDC,Rural District,170215,15
17,1702,Gokwe North RDC,Rural District,170216,16
17,1702,Gokwe North RDC,Rural District,170217,17
17,1702,Gokwe North RDC,Rural District,170218,18
17,1702,Gokwe North RDC,Rural District,170219,19
17,1702,Gokwe North RDC,Rural District,170220,20
17,1702,Gokwe North RDC,Rural District,170221,21
17,1702,Gokwe North RDC,Rural District,170222,22
17,1702,Gokwe North RDC,Rural District,170223,23
17,1702,Gokwe North RDC,Rural District,170224,24
17,1702,Gokwe North RDC,Rural District,170225,25
17,1702,Gokwe North RDC,Rural District,170226,26
17,1702,Gokwe North RDC,Rural District,170227,27
17,1702,Gokwe North RDC,Rural District,170228,28
17,1702,Gokwe North RDC,Rural District,170229,29
17,1702,Gokwe North RDC,Rural District,170230,30
17,1702,Gokwe North RDC,Rural District,170231,31
17,1702,Gokwe North RDC,Rural District,170232,32
17,1702,Gokwe North RDC,Rural District,170233,33
17,1702,Gokwe North RDC,Rural District,170234,34
17,1702,Gokwe North RDC,Rural District,170235,35
17,1702,Gokwe North RDC,Rural District,170236,36
17,1703,Gokwe South RDC,Rural District,170301,1
17,1703,Gokwe South RDC,Rural District,170302,2
17,1703,Gokwe South RDC,Rural District,170303,3
17,1703,Gokwe South RDC,Rural District,170304,4
17,1703,Gokwe South RDC,Rural District,170305,5
17,1703,Gokwe South RDC,Rural District,170306,6
17,1703,Gokwe South RDC,Rural District,170307,7
17,1703,Gokwe South RDC,Rural District,170308,8
17,1703,Gokwe South RDC,Rural District,170309,9
17,1703,Gokwe South RDC,Rural District,170310,10
17,1703,Gokwe South RDC,Rural District,170311,11
17,1703,Gokwe South RDC,Rural District,170312,12
17,1703,Gokwe South RDC,Rural District,170313,13
17,1703,Gokwe South RDC,Rural District,170314,14
17,1703,Gokwe South RDC,Rural District,170315,15
17,1703,Gokwe South RDC,Rural District,170316,16
17,1703,Gokwe South RDC,Rural District,170317,17
17,1703,Gokwe South RDC,Rural District,170318,18
17,1703,Gokwe South RDC,Rural District,170319,19
17,1703,Gokwe South RDC,Rural District,170320,20
17,1703,Gokwe South RDC,Rural District,170321,21
17,1703,Gokwe South RDC,Rural District,170322,22
17,1703,Gokwe South RDC,Rural District,170323,23
17,1703,Gokwe South RDC,Rural District,170324,24
17,1703,Gokwe South RDC,Rural District,170325,25
17,1703,Gokwe South RDC,Rural District,170326,26
17,1703,Gokwe South RDC,Rural District,170327,27
17,1703,Gokwe South RDC,Rural District,170328,28
17,1703,Gokwe South RDC,Rural District,170329,29
17,1703,Gokwe South RDC,Rural District,170330,30
17,1703,Gokwe South RDC,Rural District,170331,31
17,1703,Gokwe South RDC,Rural District,170332,32
17,1703,Gokwe South RDC,Rural District,170333,33
17,1704,Vungu RDC,Rural District,170401,1
17,1704,Vungu RDC,Rural District,170402,2
17,1704,Vungu RDC,Rural District,170403,3
17,1704,Vungu RDC,Rural District,170404,4
17,1704,Vungu RDC,Rural District,170405,5
17,1704,Vungu RDC,Rural District,170406,6
17,1704,Vungu RDC,Rural District,170407,7
17,1704,Vungu RDC,Rural District,170408,8
17,1704,Vungu RDC,Rural District,170409,9
17,1704,Vungu RDC,Rural District,170410,10
17,1704,Vungu RDC,Rural District,170411,11
17,1704,Vungu RDC,Rural District,170412,12
17,1704,Vungu RDC,Rural District,170413,13
17,1704,Vungu RDC,Rural District,170414,14
17,1704,Vungu RDC,Rural District,170415,15
17,1704,Vungu RDC,Rural District,170416,16
17,1704,Vungu RDC,Rural District,170417,17
17,1704,Vungu RDC,Rural District,170418,18
17,1704,Vungu RDC,Rural District,170419,19
17,1705,Zibagwe RDC,Rural District,170501,1
17,1705,Zibagwe RDC,Rural District,170502,2
17,1705,Zibagwe RDC,Rural District,170503,3
17,1705,Zibagwe RDC,Rural District,170504,4
17,1705,Zibagwe RDC,Rural District,170505,5
17,1705,Zibagwe RDC,Rural District,170506,6
17,1705,Zibagwe RDC,Rural District,170507,7
17,1705,Zibagwe RDC,Rural District,170508,8
17,1705,Zibagwe RDC,Rural District,170509,9
17,1705,Zibagwe RDC,Rural District,170510,10
17,1705,Zibagwe RDC,Rural District,170511,11
17,1705,Zibagwe RDC,Rural District,170512,12
17,1705,Zibagwe RDC,Rural District,170513,13
17,1705,Zibagwe RDC,Rural District,170514,14
17,1705,Zibagwe RDC,Rural District,170515,15
17,1705,Zibagwe RDC,Rural District,170516,16
17,1705,Zibagwe RDC,Rural District,170517,17
17,1705,Zibagwe RDC,Rural District,170518,18
17,1705,Zibagwe RDC,Rural District,170519,19
17,1705,Zibagwe RDC,Rural District,170520,20
17,1705,Zibagwe RDC,Rural District,170521,21
17,1705,Zibagwe RDC,Rural District,170522,22
17,1705,Zibagwe RDC,Rural District,170523,23
17,1705,Zibagwe RDC,Rural District,170524,24
17,1705,Zibagwe RDC,Rural District,170525,25
17,1705,Zibagwe RDC,Rural District,170526,26
17,1705,Zibagwe RDC,Rural District,170527,27
17,1705,Zibagwe RDC,Rural District,170528,28
17,1705,Zibagwe RDC,Rural District,170529,29
17,1705,Zibagwe RDC,Rural District,170530,30
17,1705,Zibagwe RDC,Rural District,170531,31
17,1705,Zibagwe RDC,Rural District,170532,32
17,1705,Zibagwe RDC,Rural District,170533,33
17,1706,Mberengwa RDC,Rural District,170601,1
17,1706,Mberengwa RDC,Rural District,170602,2
17,1706,Mberengwa RDC,Rural District,170603,3
17,1706,Mberengwa RDC,Rural District,170604,4
17,1706,Mberengwa RDC,Rural District,170605,5
17,1706,Mberengwa RDC,Rural District,170606,6
17,1706,Mberengwa RDC,Rural District,170607,7
17,1706,Mberengwa RDC,Rural District,170608,8
17,1706,Mberengwa RDC,Rural District,170609,9
17,1706,Mberengwa RDC,Rural District,170610,10
17,1706,Mberengwa RDC,Rural District,170611,11
17,1706,Mberengwa RDC,Rural District,170612,12
17,1706,Mberengwa RDC,Rural District,170613,13
17,1706,Mberengwa RDC,Rural District,170614,14
17,1706,Mberengwa RDC,Rural District,170615,15
17,1706,Mberengwa RDC,Rural District,170616,16
17,1706,Mberengwa RDC,Rural District,170617,17
17,1706,Mberengwa RDC,Rural District,170618,18
17,1706,Mberengwa RDC,Rural District,170619,19
17,1706,Mberengwa RDC,Rural District,170620,20
17,1706,Mberengwa RDC,Rural District,170621,21
17,1706,Mberengwa RDC,Rural District,170622,22
17,1706,Mberengwa RDC,Rural District,170623,23
17,1706,Mberengwa RDC,Rural District,170624,24
17,1706,Mberengwa RDC,Rural District,170625,25
17,1706,Mberengwa RDC,Rural District,170626,26
17,1706,Mberengwa RDC,Rural District,170627,27
17,1706,Mberengwa RDC,Rural District,170628,28
17,1706,Mberengwa RDC,Rural District,170629,29
17,1706,Mberengwa RDC,Rural District,170630,30
17,1706,Mberengwa RDC,Rural District,170631,31
17,1706,Mberengwa RDC,Rural District,170632,32
17,1706,Mberengwa RDC,Rural District,170633,33
17,1706,Mberengwa RDC,Rural District,170634,34
17,1706,Mberengwa RDC,Rural District,170635,35
17,1706,Mberengwa RDC,Rural District,170636,36
17,1706,Mberengwa RDC,Rural District,170637,37
17,1707,Tongogara RDC,Rural District,170701,1
17,1707,Tongogara RDC,Rural District,170702,2
17,1707,Tongogara RDC,Rural District,170703,3
17,1707,Tongogara RDC,Rural District,170704,4
17,1707,Tongogara RDC,Rural District,170705,5
17,1707,Tongogara RDC,Rural District,170706,6
17,1707,Tongogara RDC,Rural District,170707,7
17,1707,Tongogara RDC,Rural District,170708,8
17,1707,Tongogara RDC,Rural District,170709,9
17,1707,Tongogara RDC,Rural District,170710,10
17,1707,Tongogara RDC,Rural District,170711,11
17,1707,Tongogara RDC,Rural District,170712,12
17,1707,Tongogara RDC,Rural District,170713,13
17,1707,Tongogara RDC,Rural District,170714,14
17,1707,Tongogara RDC,Rural District,170715,15
17,1707,Tongogara RDC,Rural District,170716,16
17,1707,Tongogara RDC,Rural District,170717,17
17,1707,Tongogara RDC,Rural District,170718,18
17,1707,Tongogara RDC,Rural District,170719,19
17,1707,Tongogara RDC,Rural District,170720,20
17,1707,Tongogara RDC,Rural District,170721,21
17,1707,Tongogara RDC,Rural District,170722,22
17,1707,Tongogara RDC,Rural District,170723,23
17,1707,Tongogara RDC,Rural District,170724,24
17,1708,Runde RDC,Rural District,170801,1
17,1708,Runde RDC,Rural District,170802,2
17,1708,Runde RDC,Rural District,170803,3
17,1708,Runde RDC,Rural District,170804,4
17,1708,Runde RDC,Rural District,170805,5
17,1708,Runde RDC,Rural District,170806,6
17,1708,Runde RDC,Rural District,170807,7
17,1708,Runde RDC,Rural District,170808,8
17,1708,Runde RDC,Rural District,170809,9
17,1708,Runde RDC,Rural District,170810,10
17,1708,Runde RDC,Rural District,170811,11
17,1708,Runde RDC,Rural District,170812,12
17,1708,Runde RDC,Rural District,170813,13
17,1708,Runde RDC,Rural District,170814,14
17,1708,Runde RDC,Rural District,170815,15
17,1708,Runde RDC,Rural District,170816,16
17,1708,Runde RDC,Rural District,170817,17
17,1708,Runde RDC,Rural District,170818,18
17,1708,Runde RDC,Rural District,170819,19
17,1721,Gweru City Council,Urban District,172101,1
17,1721,Gweru City Council,Urban District,172102,2
17,1721,Gweru City Council,Urban District,172103,3
17,1721,Gweru City Council,Urban District,172104,4
17,1721,Gweru City Council,Urban District,172105,5
17,1721,Gweru City Council,Urban District,172106,6
17,1721,Gweru City Council,Urban District,172107,7
17,1721,Gweru City Council,Urban District,172108,8
17,1721,Gweru City Council,Urban District,172109,9
17,1721,Gweru City Council,Urban District,172110,10
17,1721,Gweru City Council,Urban District,172111,11
17,1721,Gweru City Council,Urban District,172112,12
17,1721,Gweru City Council,Urban District,172113,13
17,1721,Gweru City Council,Urban District,172114,14
17,1721,Gweru City Council,Urban District,172115,15
17,1721,Gweru City Council,Urban District,172116,16
17,1721,Gweru City Council,Urban District,172117,17
17,1721,Gweru City Council,Urban District,172118,18
17,1722,Kwekwe City Council,Urban District,172201,1
17,1722,Kwekwe City Council,Urban District,172202,2
17,1722,Kwekwe City Council,Urban District,172203,3
17,1722,Kwekwe City Council,Urban District,172204,4
17,1722,Kwekwe City Council,Urban District,172205,5
17,1722,Kwekwe City Council,Urban District,172206,6
17,1722,Kwekwe City Council,Urban District,172207,7
17,1722,Kwekwe City Council,Urban District,172208,8
17,1722,Kwekwe City Council,Urban District,172209,9
17,1722,Kwekwe City Council,Urban District,172210,10
17,1722,Kwekwe City Council,Urban District,172211,11
17,1722,Kwekwe City Council,Urban District,172212,12
17,1722,Kwekwe City Council,Urban District,172213,13
17,1722,Kwekwe City Council,Urban District,172214,14
17,1723,Redcliff Municipality,Urban District,172301,1
17,1723,Redcliff Municipality,Urban District,172302,2
17,1723,Redcliff Municipality,Urban District,172303,3
17,1723,Redcliff Municipality,Urban District,172304,4
17,1723,Redcliff Municipality,Urban District,172305,5
17,1723,Redcliff Municipality,Urban District,172306,6
17,1723,Redcliff Municipality,Urban District,172307,7
17,1723,Redcliff Municipality,Urban District,172308,8
17,1723,Redcliff Municipality,Urban District,172309,9
17,1725,Zvishavane Town Council,Urban District,172501,1
17,1725,Zvishavane Town Council,Urban District,172502,2
17,1725,Zvishavane Town Council,Urban District,172503,3
17,1725,Zvishavane Town Council,Urban District,172504,4
17,1725,Zvishavane Town Council,Urban District,172505,5
17,1725,Zvishavane Town Council,Urban District,172506,6
17,1725,Zvishavane Town Council,Urban District,172507,7
17,1725,Zvishavane Town Council,Urban District,172508,8
17,1725,Zvishavane Town Council,Urban District,172509,9
17,1725,Zvishavane Town Council,Urban District,172510,10
17,1728,Shurugwi Town Council,Urban District,172801,1
17,1728,Shurugwi Town Council,Urban District,172802,2
17,1728,Shurugwi Town Council,Urban District,172803,3
17,1728,Shurugwi Town Council,Urban District,172804,4
17,1728,Shurugwi Town Council,Urban District,172805,5
17,1728,Shurugwi Town Council,Urban District,172806,6
17,1728,Shurugwi Town Council,Urban District,172807,7
17,1728,Shurugwi Town Council,Urban District,172808,8
17,1728,Shurugwi Town Council,Urban District,172809,9
17,1728,Shurugwi Town Council,Urban District,172810,10
17,1728,Shurugwi Town Council,Urban District,172811,11
17,1728,Shurugwi Town Council,Urban District,172812,12
17,1728,Shurugwi Town Council,Urban District,172813,13
17,1729,Gokwe Town Council,Urban District,172901,1
17,1729,Gokwe Town Council,Urban District,172902,2
17,1729,Gokwe Town Council,Urban District,172903,3
17,1729,Gokwe Town Council,Urban District,172904,4
17,1729,Gokwe Town Council,Urban District,172905,5
17,1729,Gokwe Town Council,Urban District,172906,6
18,1801,Bikita RDC,Rural District,180101,1
18,1801,Bikita RDC,Rural District,180102,2
18,1801,Bikita RDC,Rural District,180103,3
18,1801,Bikita RDC,Rural District,180104,4
18,1801,Bikita RDC,Rural District,180105,5
18,1801,Bikita RDC,Rural District,180106,6
18,1801,Bikita RDC,Rural District,180107,7
18,1801,Bikita RDC,Rural District,180108,8
18,1801,Bikita RDC,Rural District,180109,9
18,1801,Bikita RDC,Rural District,180110,10
18,1801,Bikita RDC,Rural District,180111,11
18,1801,Bikita RDC,Rural District,180112,12
18,1801,Bikita RDC,Rural District,180113,13
18,1801,Bikita RDC,Rural District,180114,14
18,1801,Bikita RDC,Rural District,180115,15
18,1801,Bikita RDC,Rural District,180116,16
18,1801,Bikita RDC,Rural District,180117,17
18,1801,Bikita RDC,Rural District,180118,18
18,1801,Bikita RDC,Rural District,180119,19
18,1801,Bikita RDC,Rural District,180120,20
18,1801,Bikita RDC,Rural District,180121,21
18,1801,Bikita RDC,Rural District,180122,22
18,1801,Bikita RDC,Rural District,180123,23
18,1801,Bikita RDC,Rural District,180124,24
18,1801,Bikita RDC,Rural District,180125,25
18,1801,Bikita RDC,Rural District,180126,26
18,1801,Bikita RDC,Rural District,180127,27
18,1801,Bikita RDC,Rural District,180128,28
18,1801,Bikita RDC,Rural District,180129,29
18,1801,Bikita RDC,Rural District,180130,30
18,1801,Bikita RDC,Rural District,180131,31
18,1801,Bikita RDC,Rural District,180132,32
18,1802,Chiredzi RDC,Rural District,180201,1
18,1802,Chiredzi RDC,Rural District,180202,2
18,1802,Chiredzi RDC,Rural District,180203,3
18,1802,Chiredzi RDC,Rural District,180204,4
18,1802,Chiredzi RDC,Rural District,180205,5
18,1802,Chiredzi RDC,Rural District,180206,6
18,1802,Chiredzi RDC,Rural District,180207,7
18,1802,Chiredzi RDC,Rural District,180208,8
18,1802,Chiredzi RDC,Rural District,180209,9
18,1802,Chiredzi RDC,Rural District,180210,10
18,1802,Chiredzi RDC,Rural District,180211,11
18,1802,Chiredzi RDC,Rural District,180212,12
18,1802,Chiredzi RDC,Rural District,180213,13
18,1802,Chiredzi RDC,Rural District,180214,14
18,1802,Chiredzi RDC,Rural District,180215,15
18,1802,Chiredzi RDC,Rural District,180216,16
18,1802,Chiredzi RDC,Rural District,180217,17
18,1802,Chiredzi RDC,Rural District,180218,18
18,1802,Chiredzi RDC,Rural District,180219,19
18,1802,Chiredzi RDC,Rural District,180220,20
18,1802,Chiredzi RDC,Rural District,180221,21
18,1802,Chiredzi RDC,Rural District,180222,22
18,1802,Chiredzi RDC,Rural District,180223,23
18,1802,Chiredzi RDC,Rural District,180224,24
18,1802,Chiredzi RDC,Rural District,180225,25
18,1802,Chiredzi RDC,Rural District,180226,26
18,1802,Chiredzi RDC,Rural District,180227,27
18,1802,Chiredzi RDC,Rural District,180228,28
18,1802,Chiredzi RDC,Rural District,180229,29
18,1802,Chiredzi RDC,Rural District,180230,30
18,1802,Chiredzi RDC,Rural District,180231,31
18,1802,Chiredzi RDC,Rural District,180232,32
18,1803,Chivi RDC,Rural District,180301,1
18,1803,Chivi RDC,Rural District,180302,2
18,1803,Chivi RDC,Rural District,180303,3
18,1803,Chivi RDC,Rural District,180304,4
18,1803,Chivi RDC,Rural District,180305,5
18,1803,Chivi RDC,Rural District,180306,6
18,1803,Chivi RDC,Rural District,180307,7
18,1803,Chivi RDC,Rural District,180308,8
18,1803,Chivi RDC,Rural District,180309,9
18,1803,Chivi RDC,Rural District,180310,10
18,1803,Chivi RDC,Rural District,180311,11
18,1803,Chivi RDC,Rural District,180312,12
18,1803,Chivi RDC,Rural District,180313,13
18,1803,Chivi RDC,Rural District,180314,14
18,1803,Chivi RDC,Rural District,180315,15
18,1803,Chivi RDC,Rural District,180316,16
18,1803,Chivi RDC,Rural District,180317,17
18,1803,Chivi RDC,Rural District,180318,18
18,1803,Chivi RDC,Rural District,180319,19
18,1803,Chivi RDC,Rural District,180320,20
18,1803,Chivi RDC,Rural District,180321,21
18,1803,Chivi RDC,Rural District,180322,22
18,1803,Chivi RDC,Rural District,180323,23
18,1803,Chivi RDC,Rural District,180324,24
18,1803,Chivi RDC,Rural District,180325,25
18,1803,Chivi RDC,Rural District,180326,26
18,1803,Chivi RDC,Rural District,180327,27
18,1803,Chivi RDC,Rural District,180328,28
18,1803,Chivi RDC,Rural District,180329,29
18,1803,Chivi RDC,Rural District,180330,30
18,1803,Chivi RDC,Rural District,180331,31
18,1803,Chivi RDC,Rural District,180332,32
18,1804,Gutu RDC,Rural District,180401,1
18,1804,Gutu RDC,Rural District,180402,2
18,1804,Gutu RDC,Rural District,180403,3
18,1804,Gutu RDC,Rural District,180404,4
18,1804,Gutu RDC,Rural District,180405,5
18,1804,Gutu RDC,Rural District,180406,6
18,1804,Gutu RDC,Rural District,180407,7
18,1804,Gutu RDC,Rural District,180408,8
18,1804,Gutu RDC,Rural District,180409,9
18,1804,Gutu RDC,Rural District,180410,10
18,1804,Gutu RDC,Rural District,180411,11
18,1804,Gutu RDC,Rural District,180412,12
18,1804,Gutu RDC,Rural District,180413,13
18,1804,Gutu RDC,Rural District,180414,14
18,1804,Gutu RDC,Rural District,180415,15
18,1804,Gutu RDC,Rural District,180416,16
18,1804,Gutu RDC,Rural District,180417,17
18,1804,Gutu RDC,Rural District,180418,18
18,1804,Gutu RDC,Rural District,180419,19
18,1804,Gutu RDC,Rural District,180420,20
18,1804,Gutu RDC,Rural District,180421,21
18,1804,Gutu RDC,Rural District,180422,22
18,1804,Gutu RDC,Rural District,180423,23
18,1804,Gutu RDC,Rural District,180424,24
18,1804,Gutu RDC,Rural District,180425,25
18,1804,Gutu RDC,Rural District,180426,26
18,1804,Gutu RDC,Rural District,180427,27
18,1804,Gutu RDC,Rural District,180428,28
18,1804,Gutu RDC,Rural District,180429,29
18,1804,Gutu RDC,Rural District,180430,30
18,1804,Gutu RDC,Rural District,180431,31
18,1804,Gutu RDC,Rural District,180432,32
18,1804,Gutu RDC,Rural District,180433,33
18,1804,Gutu RDC,Rural District,180434,34
18,1804,Gutu RDC,Rural District,180435,35
18,1804,Gutu RDC,Rural District,180436,36
18,1804,Gutu RDC,Rural District,180437,37
18,1804,Gutu RDC,Rural District,180438,38
18,1804,Gutu RDC,Rural District,180439,39
18,1804,Gutu RDC,Rural District,180440,40
18,1804,Gutu RDC,Rural District,180441,41
18,1805,Masvingo RDC,Rural District,180501,1
18,1805,Masvingo RDC,Rural District,180502,2
18,1805,Masvingo RDC,Rural District,180503,3
18,1805,Masvingo RDC,Rural District,180504,4
18,1805,Masvingo RDC,Rural District,180505,5
18,1805,Masvingo RDC,Rural District,180506,6
18,1805,Masvingo RDC,Rural District,180507,7
18,1805,Masvingo RDC,Rural District,180508,8
18,1805,Masvingo RDC,Rural District,180509,9
18,1805,Masvingo RDC,Rural District,180510,10
18,1805,Masvingo RDC,Rural District,180511,11
18,1805,Masvingo RDC,Rural District,180512,12
18,1805,Masvingo RDC,Rural District,180513,13
18,1805,Masvingo RDC,Rural District,180514,14
18,1805,Masvingo RDC,Rural District,180515,15
18,1805,Masvingo RDC,Rural District,180516,16
18,1805,Masvingo RDC,Rural District,180517,17
18,1805,Masvingo RDC,Rural District,180518,18
18,1805,Masvingo RDC,Rural District,180519,19
18,1805,Masvingo RDC,Rural District,180520,20
18,1805,Masvingo RDC,Rural District,180521,21
18,1805,Masvingo RDC,Rural District,180522,22
18,1805,Masvingo RDC,Rural District,180523,23
18,1805,Masvingo RDC,Rural District,180524,24
18,1805,Masvingo RDC,Rural District,180525,25
18,1805,Masvingo RDC,Rural District,180526,26
18,1805,Masvingo RDC,Rural District,180527,27
18,1805,Masvingo RDC,Rural District,180528,28
18,1805,Masvingo RDC,Rural District,180529,29
18,1805,Masvingo RDC,Rural District,180530,30
18,1805,Masvingo RDC,Rural District,180531,31
18,1805,Masvingo RDC,Rural District,180532,32
18,1805,Masvingo RDC,Rural District,180533,33
18,1805,Masvingo RDC,Rural District,180534,34
18,1805,Masvingo RDC,Rural District,180535,35
18,1806,Mwenezi RDC,Rural District,180601,1
18,1806,Mwenezi RDC,Rural District,180602,2
18,1806,Mwenezi RDC,Rural District,180603,3
18,1806,Mwenezi RDC,Rural District,180604,4
18,1806,Mwenezi RDC,Rural District,180605,5
18,1806,Mwenezi RDC,Rural District,180606,6
18,1806,Mwenezi RDC,Rural District,180607,7
18,1806,Mwenezi RDC,Rural District,180608,8
18,1806,Mwenezi RDC,Rural District,180609,9
18,1806,Mwenezi RDC,Rural District,180610,10
18,1806,Mwenezi RDC,Rural District,180611,11
18,1806,Mwenezi RDC,Rural District,180612,12
18,1806,Mwenezi RDC,Rural District,180613,13
18,1806,Mwenezi RDC,Rural District,180614,14
18,1806,Mwenezi RDC,Rural District,180615,15
18,1806,Mwenezi RDC,Rural District,180616,16
18,1806,Mwenezi RDC,Rural District,180617,17
18,1806,Mwenezi RDC,Rural District,180618,18
18,1807,Zaka RDC,Rural District,180701,1
18,1807,Zaka RDC,Rural District,180702,2
18,1807,Zaka RDC,Rural District,180703,3
18,1807,Zaka RDC,Rural District,180704,4
18,1807,Zaka RDC,Rural District,180705,5
18,1807,Zaka RDC,Rural District,180706,6
18,1807,Zaka RDC,Rural District,180707,7
18,1807,Zaka RDC,Rural District,180708,8
18,1807,Zaka RDC,Rural District,180709,9
18,1807,Zaka RDC,Rural District,180710,10
18,1807,Zaka RDC,Rural District,180711,11
18,1807,Zaka RDC,Rural District,180712,12
18,1807,Zaka RDC,Rural District,180713,13
18,1807,Zaka RDC,Rural District,180714,14
18,1807,Zaka RDC,Rural District,180715,15
18,1807,Zaka RDC,Rural District,180716,16
18,1807,Zaka RDC,Rural District,180717,17
18,1807,Zaka RDC,Rural District,180718,18
18,1807,Zaka RDC,Rural District,180719,19
18,1807,Zaka RDC,Rural District,180720,20
18,1807,Zaka RDC,Rural District,180721,21
18,1807,Zaka RDC,Rural District,180722,22
18,1807,Zaka RDC,Rural District,180723,23
18,1807,Zaka RDC,Rural District,180724,24
18,1807,Zaka RDC,Rural District,180725,25
18,1807,Zaka RDC,Rural District,180726,26
18,1807,Zaka RDC,Rural District,180727,27
18,1807,Zaka RDC,Rural District,180728,28
18,1807,Zaka RDC,Rural District,180729,29
18,1807,Zaka RDC,Rural District,180730,30
18,1807,Zaka RDC,Rural District,180731,31
18,1807,Zaka RDC,Rural District,180732,32
18,1807,Zaka RDC,Rural District,180733,33
18,1807,Zaka RDC,Rural District,180734,34
18,1821,Masvingo Municipality,Urban District,182101,1
18,1821,Masvingo Municipality,Urban District,182102,2
18,1821,Masvingo Municipality,Urban District,182103,3
18,1821,Masvingo Municipality,Urban District,182104,4
18,1821,Masvingo Municipality,Urban District,182105,5
18,1821,Masvingo Municipality,Urban District,182106,6
18,1821,Masvingo Municipality,Urban District,182107,7
18,1821,Masvingo Municipality,Urban District,182108,8
18,1821,Masvingo Municipality,Urban District,182109,9
18,1821,Masvingo Municipality,Urban District,182110,10
18,1822,Chiredzi Town Council,Urban District,182201,1
18,1822,Chiredzi Town Council,Urban District,182202,2
18,1822,Chiredzi Town Council,Urban District,182203,3
18,1822,Chiredzi Town Council,Urban District,182204,4
18,1822,Chiredzi Town Council,Urban District,182205,5
18,1822,Chiredzi Town Council,Urban District,182206,6
18,1822,Chiredzi Town Council,Urban District,182207,7
18,1822,Chiredzi Town Council,Urban District,182208,8
19,1921,Harare City Council,Urban District,192101,1
19,1921,Harare City Council,Urban District,192102,2
19,1921,Harare City Council,Urban District,192103,3
19,1921,Harare City Council,Urban District,192104,4
19,1921,Harare City Council,Urban District,192105,5
19,1921,Harare City Council,Urban District,192106,6
19,1921,Harare City Council,Urban District,192107,7
19,1921,Harare City Council,Urban District,192108,8
19,1921,Harare City Council,Urban District,192109,9
19,1921,Harare City Council,Urban District,192110,10
19,1921,Harare City Council,Urban District,192111,11
19,1921,Harare City Council,Urban District,192112,12
19,1921,Harare City Council,Urban District,192113,13
19,1921,Harare City Council,Urban District,192114,14
19,1921,Harare City Council,Urban District,192115,15
19,1921,Harare City Council,Urban District,192116,16
19,1921,Harare City Council,Urban District,192117,17
19,1921,Harare City Council,Urban District,192118,18
19,1921,Harare City Council,Urban District,192119,19
19,1921,Harare City Council,Urban District,192120,20
19,1921,Harare City Council,Urban District,192121,21
19,1921,Harare City Council,Urban District,192122,22
19,1921,Harare City Council,Urban District,192123,23
19,1921,Harare City Council,Urban District,192124,24
19,1921,Harare City Council,Urban District,192125,25
19,1921,Harare City Council,Urban District,192126,26
19,1921,Harare City Council,Urban District,192127,27
19,1921,Harare City Council,Urban District,192128,28
19,1921,Harare City Council,Urban District,192129,29
19,1921,Harare City Council,Urban District,192130,30
19,1921,Harare City Council,Urban District,192131,31
19,1921,Harare City Council,Urban District,192132,32
19,1921,Harare City Council,Urban District,192133,33
19,1921,Harare City Council,Urban District,192134,34
19,1921,Harare City Council,Urban District,192135,35
19,1921,Harare City Council,Urban District,192136,36
19,1921,Harare City Council,Urban District,192137,37
19,1921,Harare City Council,Urban District,192138,38
19,1921,Harare City Council,Urban District,192139,39
19,1921,Harare City Council,Urban District,192140,40
19,1921,Harare City Council,Urban District,192141,41
19,1921,Harare City Council,Urban District,192142,42
19,1921,Harare City Council,Urban District,192143,43
19,1921,Harare City Council,Urban District,192144,44
19,1921,Harare City Council,Urban District,192145,45
19,1921,Harare City Council,Urban District,192146,46
19,1922,Chitungwiza Municipality,Urban District,192201,1
19,1922,Chitungwiza Municipality,Urban District,192202,2
19,1922,Chitungwiza Municipality,Urban District,192203,3
19,1922,Chitungwiza Municipality,Urban District,192204,4
19,1922,Chitungwiza Municipality,Urban District,192205,5
19,1922,Chitungwiza Municipality,Urban District,192206,6
19,1922,Chitungwiza Municipality,Urban District,192207,7
19,1922,Chitungwiza Municipality,Urban District,192208,8
19,1922,Chitungwiza Municipality,Urban District,192209,9
19,1922,Chitungwiza Municipality,Urban District,192210,10
19,1922,Chitungwiza Municipality,Urban District,192211,11
19,1922,Chitungwiza Municipality,Urban District,192212,12
19,1922,Chitungwiza Municipality,Urban District,192213,13
19,1922,Chitungwiza Municipality,Urban District,192214,14
19,1922,Chitungwiza Municipality,Urban District,192215,15
19,1922,Chitungwiza Municipality,Urban District,192216,16
19,1922,Chitungwiza Municipality,Urban District,192217,17
19,1922,Chitungwiza Municipality,Urban District,192218,18
19,1922,Chitungwiza Municipality,Urban District,192219,19
19,1922,Chitungwiza Municipality,Urban District,192220,20
19,1922,Chitungwiza Municipality,Urban District,192221,21
19,1922,Chitungwiza Municipality,Urban District,192222,22
19,1922,Chitungwiza Municipality,Urban District,192223,23
19,1922,Chitungwiza Municipality,Urban District,192224,24
19,1922,Chitungwiza Municipality,Urban District,192225,25
19,1923,Epworth Local Board,Urban District,192301,1
19,1923,Epworth Local Board,Urban District,192302,2
19,1923,Epworth Local Board,Urban District,192303,3
19,1923,Epworth Local Board,Urban District,192304,4
19,1923,Epworth Local Board,Urban District,192305,5
19,1923,Epworth Local Board,Urban District,192306,6
19,1923,Epworth Local Board,Urban District,192307,7
